id,price
13.223115088821102,13.237697
12.441148720271016,12.271996
13.1421679654829,13.053937
13.217675375388819,13.134416
13.317931805683793,13.460658
12.776913764456149,12.784828
13.399996629152975,13.388794
13.199326270390594,13.105652
13.698977865303197,13.576718
12.206077645517674,12.425834
13.388491319573715,13.414337
13.312985389904174,13.07574
12.921472880009725,13.015607
12.650761671914688,12.413745
13.74830287778897,13.683131
13.361775475364563,13.640613
12.77280873810987,12.697361
12.644330802262578,12.936957
12.676079399771027,12.673536
12.732282325539853,12.083035
12.441148720271016,12.335354
13.190023895035274,13.138469
13.133305295680074,13.065093
13.754699481266208,13.61544
13.304686600863562,13.378266
12.971310228604022,12.859863
12.34148164933907,12.495422
13.710095596379851,13.622909
13.180634172318978,13.250179
13.937729075643883,13.688549
12.524530013005734,12.381991
12.691583538230217,13.065896
13.664688831019712,13.552656
12.807655372286902,12.679635
12.882838888132428,12.888916
13.541075028051122,13.924949
12.948012371209098,13.0358515
13.171155446333852,13.288114
12.468440756144114,12.548705
13.981025843899115,13.863548
12.44312304677877,12.382162
13.384729180332174,13.306632
12.933623668263472,12.873387
13.015893357585442,12.971396
13.70903942580019,13.671472
12.33182825999709,12.335348
12.531415320564594,12.506851
13.592368256649284,13.615102
12.323860125621126,12.360963
12.180759965737863,12.675305
13.102162710901053,13.098201
12.723380216015363,12.938624
12.733758336210744,12.619197
12.721888795877375,12.656213
13.102162710901053,13.103373
12.73670383776449,12.68965
13.664688831019712,13.646502
12.278397958261774,12.538535
13.910821646859095,13.875089
13.279368835614243,13.289506
12.736374372700984,12.5902405
12.706850963741102,12.8557005
12.429020177633873,12.640829
13.22672519452875,13.304056
12.30592250537653,12.193835
13.108266481420335,12.995051
13.250758351186132,13.420801
12.691583538230217,12.545137
13.017005083966255,13.053921
12.959846800844963,13.283386
12.952762962683588,12.860889
13.296318365198623,13.122499
12.32163544049751,12.287187
13.270785106659046,13.144015
13.199326270390594,13.223763
12.807655372286902,12.460321
13.610944619216111,13.6299095
13.451668563394815,13.463676
12.652362948153474,12.551181
12.452741298891185,12.436995
12.429020177633873,12.473031
12.873776369186693,12.969995
12.821260987319457,12.593367
13.005831808336863,12.928997
12.936036208848487,12.8651
12.618185607609803,12.519216
13.321215875492413,13.419814
13.641158361294979,13.717253
12.904209855160254,12.916138
13.005831808336863,12.931938
13.054086677976365,12.789869
12.505995740029274,12.576258
13.244582780038517,13.199598
13.091906231773164,13.228291
13.005831808336863,13.014196
12.560247968016562,12.693618
13.122365377402328,13.1396675
14.006131744018864,13.603599
12.524530013005734,12.419326
13.279368835614243,13.317254
12.873904582205107,13.0535
12.765691290604371,12.809951
12.742568940017076,12.815707
12.73670383776449,12.6550665
13.458765611575428,13.632215
12.899222326086994,12.880303
13.030250281476574,13.238387
13.017005083966255,13.074679
11.82864819757753,12.280054
12.948012371209098,12.924278
12.821260987319457,12.781595
13.038983942375959,12.722848
13.154251503498404,12.886441
13.51440681653079,13.971719
12.75130259456002,12.957263
13.47302165746721,13.539359
12.429220196836383,12.437399
13.795308871054397,13.647161
12.468440756144114,12.3714695
13.573376574434146,13.604937
12.834683971615659,12.838019
12.772805901234461,12.697553
12.834683971615659,13.084284
13.091906231773164,13.007958
12.54254845357358,12.627995
12.919024904363686,12.663009
13.122365377402328,12.9627075
13.329379172803593,13.187614
12.611374406964662,12.5193615
13.946539697563276,13.574349
12.506180941677357,12.843327
12.608202196848836,12.514475
12.634606283893019,12.686413
12.896719202134523,12.970427
12.973865689268807,12.98005
12.634443404709922,12.775285
13.07107218827772,12.488334
12.367345048436391,12.257866
13.038983942375959,13.074023
11.86710429621008,11.78685
12.63424139767157,12.404929
13.567050480716235,13.358863
12.733463308313716,12.712156
13.25339339419516,13.2274
12.983103608918753,12.974706
13.304686600863562,12.846057
12.396697137361691,12.472749
12.966880811009803,13.190765
13.432786403100184,13.452939
12.384223015005313,12.427657
13.18935077260068,13.044258
13.455975814408239,13.497425
12.834683971615659,12.800538
13.676249640055394,13.960099
12.632976296995821,12.421213
12.20582761551277,12.439535
13.038983942375959,13.098072
13.470059532390184,13.422129
13.410546824147012,13.149705
12.117246896289503,12.192623
13.444448325847754,13.146223
12.968981402048069,12.896645
12.54254845357358,12.392675
13.270785106659046,13.183141
13.384729180332174,13.413908
12.84779757601972,12.749214
12.637858308703688,12.74548
12.955129822091815,12.968748
12.73670383776449,12.733485
12.691583538230217,12.723557
12.901719200051183,12.885594
12.765691290604371,12.848031
12.873904582205107,12.827322
12.429220196836383,12.433597
12.89295272879663,12.682891
12.543619304752651,12.741738
13.522482219667573,13.506553
12.771389295485289,12.711649
12.810391344620207,12.671714
13.120363378739663,13.209311
12.691583538230217,12.577243
13.598598798635953,13.561557
13.1421679654829,13.151148
12.180759965737863,12.246447
12.89894228757987,12.813939
12.493133274926212,12.489095
12.949321035226301,12.538479
13.053658321637316,13.132094
12.154784614286667,12.329534
12.6410997921206,12.640164
12.788291058675025,12.638578
13.15289452230148,13.253901
13.054086677976365,12.844357
12.676079399771027,12.364579
12.560247968016562,12.665872
13.097047620699986,13.1162
13.012550743537489,13.009809
13.12834743715147,12.995215
12.691583538230217,12.714155
12.524530013005734,12.929972
13.304686600863562,13.386813
13.199326270390594,13.121091
13.232116033476537,13.177843
13.41204494952365,13.325262
13.304686600863562,13.305661
12.852654809442695,12.796287
12.25486757159303,12.499348
12.611541086966115,12.844426
13.171155446333852,12.995397
12.37581963951765,12.447095
12.25486757159303,12.340726
13.058360179622305,13.174512
12.498745990829315,12.423649
13.000198003314573,12.7263
12.647551406590285,12.512141
12.964541634128395,12.911051
12.607867693866968,12.59077
12.721888795877375,12.952239
12.272800954830618,11.927403
12.948012371209098,12.961195
12.983103608918753,12.947721
12.358368749551493,12.362969
12.896719202134523,12.90872
14.180154365996387,13.466484
13.567691300166784,13.500775
12.066816325306588,12.192904
12.409017571151187,12.391296
13.725755420303582,13.694602
13.167338655091122,13.206378
13.369225017834633,13.316793
13.161586013632684,13.175402
12.81584093453868,12.835975
12.380030154325457,12.456649
13.122365377402328,13.361186
12.94323910384853,12.906702
13.864301674514206,13.778746
12.710758459178564,12.731351
13.503537159062734,13.348453
13.106236027992704,13.10567
13.112315061750808,13.008262
13.721200977393528,13.755867
13.29463628184505,13.300007
13.928840136128022,13.793486
12.973865689268807,13.087539
12.994532278619134,13.046411
13.060490101343552,13.04369
12.25486757159303,12.383562
12.790531557376655,12.767666
13.681980308196241,13.681024
13.224921770781943,13.177305
13.250758351186132,13.305162
13.622533633837332,13.483284
12.013706813470414,12.384515
12.611541086966115,12.622676
13.005831808336863,13.193686
12.959846800844963,12.924113
13.102162710901053,13.184588
13.239258908233676,13.387858
13.017005083966255,13.491556
12.611541086966115,12.943049
13.42246945133505,13.570239
11.748005492256807,12.261411
13.244582780038517,13.516749
13.377007146164305,13.350462
12.524530013005734,12.428162
13.567050480716235,13.589659
12.899097318586382,12.91286
12.445093483000798,12.380284
14.04662307257814,13.75767
12.409017571151187,12.486956
13.017005083966255,12.993074
12.388398368982115,12.536266
12.502470376049185,12.418652
12.959846800844963,12.747692
13.180634172318978,13.283302
13.586098651497313,12.829287
11.899554278732099,12.337528
13.017005083966255,12.855611
12.923792919343217,12.938858
13.17001193781113,13.230212
12.821260987319457,13.237735
12.899222326086994,12.983621
13.345508528717259,13.481273
12.992256969959042,12.921275
13.721200977393528,13.669941
12.868366210940025,13.03899
12.991801286323186,13.008859
13.217584462330732,13.024273
12.283038316285214,12.297526
12.567240979056246,12.505153
12.487488878546145,12.441645
13.566986376179663,13.593669
13.813509557297108,13.64654
14.130322027731049,13.849358
12.495007682693725,12.447266
12.481812442022767,12.303104
12.40287632827253,12.58416
13.122265372602016,13.0758095
12.644330802262578,12.647302
12.791052597518284,12.700089
12.899222326086994,13.02369
12.936036208848487,13.087335
13.592368256649284,13.429455
12.45293662970407,12.400675
13.304686600863562,13.374302
12.392556361841777,12.428771
13.489781802915555,13.259293
12.055255569732177,12.168453
12.879019669789754,12.909003
13.184400648021263,13.108348
12.904707242642809,12.917791
13.081543466215237,12.912234
13.989464705423494,13.837686
12.644330802262578,12.574801
13.266465452978318,13.4051
12.577639650232573,12.9779825
12.817198704312052,12.809295
12.834683971615659,12.773611
13.199326270390594,13.035052
13.270785106659046,13.219562
13.217675375388819,13.122188
13.056225711649638,12.919116
13.647093089770562,13.609737
13.329379172803593,13.4182415
12.636071003937719,12.583171
14.038654909278163,13.88693
13.296318365198623,13.138766
13.017005083966255,12.91063
12.611541086966115,12.57464
13.795002702052841,13.642376
12.53897064502647,12.551592
12.546113507028412,12.30491
12.59473402514672,12.6578
12.524348178954261,12.5838175
13.122365377402328,13.140027
12.914110901635024,12.8674555
13.401510631691982,13.123202
12.345838935721968,12.347044
12.660331092405906,12.638248
13.578015768494858,13.62737
13.186278579318829,12.881235
13.451668563394815,13.481409
12.25486757159303,12.280967
11.982935344196433,12.151983
13.137253960339487,13.085608
12.776348554790713,12.637632
13.081543466215237,13.140027
12.598118111678868,12.328583
12.611541086966115,12.732326
12.445093483000798,12.316478
12.428820118415677,12.353834
13.219491903015438,13.215605
14.062371417145494,13.964998
13.28957298843418,13.132332
13.312985389904174,13.314573
12.721739531452183,12.746173
13.222210522327158,13.3775625
12.899222326086994,12.570544
12.660331092405906,12.657518
14.187074804051692,13.974323
13.091906231773164,13.2051735
12.948012371209098,13.224014
12.685410698175232,12.656269
12.807655372286902,12.60677
12.959846800844963,12.873434
13.544359098938253,13.477622
12.301387370778713,12.327329
13.321215875492413,13.229878
12.75130259456002,12.392181
12.994532278619134,12.981732
13.07107218827772,13.071475
13.513561866207533,13.522366
12.765548423664681,12.750035
12.834683971615659,12.839537
12.73670383776449,12.998002
12.91164481522143,12.892746
12.807518376977407,12.779593
13.617060838751888,13.524518
12.345860674521596,12.382247
13.66932920519293,13.579405
13.399996629152975,13.344085
12.59473402514672,12.520461
13.26212705890841,13.1917305
12.487488878546145,12.626305
12.996802422000108,12.587631
12.90669432231532,12.796087
13.312985389904174,13.316073
13.197472705176983,13.116039
12.409017571151187,12.376126
13.567050480716235,13.576948
12.779875885354993,13.164181
13.02805489573287,13.018577
13.710151153416941,13.000946
12.983103608918753,12.943526
13.635188201437066,13.580827
13.151924121391561,13.062909
13.122365377402328,13.190638
13.39239204133378,13.522899
13.157732451741687,13.395216
13.541075028051122,13.523801
13.399996629152975,13.360513
12.691583538230217,12.605938
13.120363378739663,13.156595
13.235693848424024,13.033756
13.081543466215237,12.887529
12.777055016970678,12.802639
13.304686600863562,13.309056
13.51440681653079,13.370956
12.658742534767816,12.7032995
12.994532278619134,12.926711
13.010316110729669,12.930179
14.006131744018864,13.857719
12.660331092405906,12.538624
13.26212705890841,13.115745
12.611541086966115,12.755214
13.030250281476574,13.1676
12.524530013005734,12.542192
12.676079399771027,12.724915
12.45293662970407,12.345866
12.404927602627597,12.296152
12.959846800844963,12.85436
12.996802422000108,13.111271
12.549665896013254,12.522065
12.54254845357358,12.635892
12.969214528909768,12.873434
12.618185607609803,12.4175
13.244582780038517,13.164372
12.765548423664681,12.727757
12.283038316285214,12.42077
13.199326270390594,13.376906
12.807655372286902,12.617551
12.449022745701502,12.474024
12.700771936142122,12.77629
13.415034483903348,13.2941675
12.948012371209098,12.97566
13.151924121391561,13.177733
12.580222509755908,12.551051
12.873904582205107,12.907089
12.721739531452183,12.672821
12.923914877701906,13.02845
13.224921770781943,13.07723
13.770503777763283,13.7374
12.971542813248437,13.11767
12.994532278619134,12.964048
12.73670383776449,12.677859
13.854732232655556,13.806777
12.706850963741102,12.556567
13.31957518872681,13.296222
13.608487618541492,13.706557
12.102105602982014,12.201286
12.07254696717504,12.305701
13.955273369904273,13.93248
13.217493541006709,13.179198
12.709876675502672,12.819169
13.39239204133378,13.39543
12.323860125621126,12.284794
12.310437165348775,12.58498
13.6291219418855,13.633396
12.873904582205107,12.915115
12.969214528909768,12.543538
13.384729180332174,13.318052
12.33270970174018,12.07178
12.983103608918753,12.976372
12.936036208848487,13.02722
12.694348933246843,12.724693
13.500801182986649,13.208824
13.199326270390594,13.261321
14.137594781770806,13.919041
12.89295272879663,13.019482
12.923914877701906,12.648298
12.980802117227352,12.939645
13.655929661159648,13.627414
13.771559715366624,13.425221
12.552852292101369,12.443911
12.636233618255941,12.735317
12.75130259456002,12.760803
13.342303402904738,13.282349
12.953047281776819,13.045596
13.53314897324916,13.323584
12.549665896013254,12.429872
13.195615697878253,13.160664
12.577639650232573,12.567764
12.858301472760836,12.983804
12.786193894948449,12.830918
13.40451669441523,13.184077
12.91164481522143,13.125211
12.936036208848487,13.038342
12.765548423664681,12.810895
12.487488878546145,12.614943
13.180634172318978,13.075641
13.304686600863562,13.122857
13.081543466215237,13.201638
13.345508528717259,13.2780075
13.22672519452875,13.32321
12.294545870166347,12.531172
13.390099342267124,13.38981
12.230770136157428,12.472041
13.038983942375959,12.899579
13.347266978921073,13.350972
12.896719202134523,13.100115
13.356646255406224,13.276315
12.905452860309719,12.936543
12.323860125621126,12.215263
12.992256969959042,12.924896
13.717898831632498,13.572054
12.748399843328054,12.864715
12.765662718849264,12.840705
13.261257116913471,13.196112
12.429220196836383,12.605023
12.751012698311857,12.860219
13.235693848424024,13.149983
13.534474352733596,13.311931
13.461690107508359,13.474146
13.389333939650964,13.427043
12.821260987319457,13.010913
12.899222326086994,12.70382
12.959846800844963,12.840967
12.35017731849889,12.368933
13.38318953651709,13.304662
14.144815024531075,13.803171
13.060490101343552,12.877397
13.235693848424024,13.290268
13.005831808336863,12.962816
13.02805489573287,12.986572
13.371098259292115,13.324187
13.171155446333852,13.23845
12.724869415131389,12.858854
12.721888795877375,12.56883
12.775641593169077,12.92591
13.005831808336863,13.10709
12.429220196836383,12.329845
12.567240979056246,12.7406645
13.521140839642674,13.463811
12.73670383776449,12.756598
13.049794835104816,12.490215
13.174008509889596,13.129235
12.584512505902088,12.544136
13.547632419997361,13.590283
13.498057700804253,13.508689
12.464587201678082,12.421659
13.489781802915555,13.518996
12.793723190057223,12.8077965
12.468440756144114,12.617541
13.112315061750808,13.233445
13.304686600863562,13.257828
12.971775343809814,12.805386
12.826651821423713,12.769322
12.560247968016562,12.552705
12.611374406964662,12.344514
12.07254696717504,12.34584
12.577639650232573,12.621651
13.602442329691383,13.609218
13.217675375388819,13.012104
13.51440681653079,13.008121
13.141971868210181,13.24108
13.228525371792253,13.298459
13.286183160425152,13.198395
13.393917592315308,13.366749
12.834683971615659,12.924289
12.468440756144114,13.028182
12.886643575525625,12.7887335
13.017005083966255,13.536518
12.959846800844963,13.148878
13.062615496138552,13.273492
12.936036208848487,12.845119
11.957617696467539,12.163846
13.49668313203053,13.500194
13.384729180332174,13.517073
13.723396365547096,13.691462
13.249878458265119,12.953439
12.100717685412471,12.267647
13.370786295963992,13.22491
12.776772491986527,12.6659155
12.10043987059093,12.280495
13.161586013632684,13.07027
12.345838935721968,12.345836
12.487488878546145,12.313318
13.314636915215106,13.243087
13.617060838751888,14.008062
12.959846800844963,12.931723
13.25602151199675,13.270769
12.858139985830508,12.829927
12.889172015485954,12.77713
12.886643575525625,12.739136
12.497999446362185,12.523395
12.897971547314246,12.912219
12.587931300962664,12.5789175
12.128116509451258,12.227184
13.629182184591333,13.467095
13.270785106659046,13.28226
12.388190014812611,12.450679
12.323860125621126,12.911365
13.641158361294979,13.546334
12.914110901635024,12.981177
13.42246945133505,13.551649
13.955273369904273,13.695805
12.59473402514672,12.514876
12.666660207428574,12.695134
13.07107218827772,12.8672285
13.147057941212308,13.196663
12.398761113062513,12.493128
12.948012371209098,13.019836
11.992266613576142,12.212447
12.820990681250251,12.8677635
12.847929163278053,12.891824
13.222210522327158,13.289809
12.899222326086994,13.196663
13.279368835614243,13.261686
13.774689605110144,13.977588
13.30635187740947,13.291175
12.573458522080315,12.713868
12.468440756144114,12.401668
12.594730635321957,12.464114
12.75130259456002,12.65965
13.326937173123625,13.325789
13.370786295963992,13.269284
13.244582780038517,13.163532
13.302275366854484,13.376589
13.370005961597958,12.996627
12.975604312161424,12.952737
13.060490101343552,12.869371
13.864301674514206,13.92426
13.122365377402328,13.393465
13.232116033476537,13.026873
13.116347317149176,13.110719
13.493928313146206,13.590648
12.955129822091815,12.963781
12.879019669789754,12.846075
12.611507753188329,12.541118
13.217584462330732,13.395009
12.230770136157428,12.289858
13.122365377402328,13.203697
12.608202196848836,12.672015
13.303018546545275,13.375165
12.278397958261774,12.069801
12.460718739865236,12.640058
13.652992804936396,13.6220665
13.384729180332174,13.420391
12.220966184120165,12.301315
13.437175577097312,13.387739
12.449022745701502,12.309132
12.323860125621126,12.390199
12.948012371209098,12.901044
13.28787951079572,13.358728
13.366095129723817,13.352206
13.246351123968212,13.370694
13.399996629152975,13.430501
12.449022745701502,12.423777
13.167338655091122,13.164554
13.45883704259595,13.414494
13.180445475627591,13.296975
13.078413579737122,13.1833105
12.04355959836804,11.96043
13.579916064372599,13.365213
13.275944180597024,13.342365
13.072292493463333,13.113573
13.560619598657233,13.571434
13.25339339419516,13.229727
12.834683971615659,12.994852
13.45883704259595,13.483068
13.567050480716235,13.553775
13.623745753728624,13.558072
12.675766851909591,12.642441
13.054086677976365,12.966167
13.102162710901053,12.969713
12.409017571151187,12.453885
12.487488878546145,12.542583
14.0225255403564,14.013142
13.232116033476537,13.143735
12.706850963741102,12.645023
13.217675375388819,13.188917
13.017005083966255,13.126894
13.69998858916854,13.646627
12.495007682693725,12.574962
13.437175577097312,13.481494
12.535379989788607,12.549114
12.959846800844963,12.939587
13.122365377402328,13.355503
13.552847548877052,13.499205
12.706850963741102,12.772793
13.34997851625269,13.309715
12.409017571151187,12.465951
12.502470376049185,12.347716
13.284058667804526,12.99406
12.637858308703688,12.6934395
12.899222326086994,12.691222
12.84779757601972,12.831517
13.199326270390594,12.958334
12.91164481522143,13.152921
12.388398368982115,12.366487
13.361381852676738,13.476126
12.506180941677357,12.570265
12.834683971615659,12.704973
12.206077645517674,12.199823
12.889172015485954,12.873809
13.233906541044401,13.308585
12.886643575525625,12.931915
12.821125843418026,12.939236
12.971542813248437,13.054843
13.787934818154037,13.762038
13.270785106659046,13.390164
12.517047570877859,12.478389
13.384883014416266,13.218547
13.034626646500051,12.950154
13.049794835104816,13.026396
12.959846800844963,12.99649
13.664688831019712,13.434035
12.733610833142412,12.572135
12.367132260746633,12.358428
13.038766527911386,13.316692
13.329379172803593,13.335604
13.018115575783893,13.13843
12.793862088206213,13.123418
12.782688818818986,12.832034
13.304686600863562,13.283742
12.899222326086994,12.968818
13.199326270390594,13.235705
13.005831808336863,13.037241
12.91164481522143,12.837861
13.800397935382136,13.618323
13.769467666582738,13.724341
12.691275799522568,12.598804
13.586098651497313,13.565821
13.147057941212308,13.154354
12.691583538230217,12.613902
12.971542813248437,13.088178
13.732130035981154,13.607976
12.721888795877375,12.6528845
12.59473402514672,12.660505
12.128116509451258,12.219417
12.193498926601634,12.21815
13.825461878915961,13.990934
12.91164481522143,12.95908
13.560619598657233,13.58831
12.765691290604371,12.829347
12.165255859329688,11.952601
12.75130259456002,12.779473
12.91164481522143,12.928522
12.74110588624638,12.462113
13.005831808336863,13.078942
13.20302312543853,13.294934
13.507627138738266,13.420848
11.970356641102999,12.47098
13.87378040948403,13.910467
12.666660207428574,12.672217
12.25486757159303,12.18975
12.721888795877375,12.921538
13.26212705890841,13.157438
12.54254845357358,12.580948
13.112315061750808,13.0067425
12.345838935721968,12.489817
12.91164481522143,12.836017
13.28787951079572,13.247895
13.451668563394815,13.477367
12.706699437569211,12.927878
12.441148720271016,12.506214
12.586223364451623,12.66928
12.836016413298626,12.861661
13.525159593854116,13.304665
13.463129240348396,13.469802
13.151924121391561,13.271566
13.126357390703754,13.242191
12.39421473013906,12.418489
12.292254928916668,12.543332
12.847929163278053,13.235468
13.573440270649085,13.578843
13.972515161474428,13.666224
13.260386417460465,13.368623
12.660172350152195,12.583463
13.997832948091215,13.87539
12.429220196836383,12.3812275
13.361381852676738,13.412611
13.444448325847754,13.4639225
13.043322334563697,12.932109
12.669809806411457,12.561523
12.807655372286902,12.523138
12.468440756144114,12.583954
13.07107218827772,13.122482
12.468248430698097,12.603932
13.054086677976365,12.993119
13.032440858057756,12.916664
13.210376086227196,13.071506
12.660331092405906,12.615595
13.437175577097312,13.604491
12.765691290604371,12.658634
12.577639650232573,12.826838
13.171155446333852,12.9566
12.301387370778713,12.585936
12.36308066783498,12.375248
12.464587201678082,12.4873
13.864301674514206,13.548014
12.886643575525625,13.150037
12.782688818818986,12.777966
12.807655372286902,12.98606
13.384729180332174,13.192328
13.3374763699232,13.215297
12.75130259456002,12.813223
13.465954500233115,13.272388
13.399996629152975,13.4080715
12.121336859237145,12.600877
12.81584093453868,12.8350315
13.171155446333852,13.053819
12.429220196836383,12.371885
12.899222326086994,13.025166
12.310437165348775,12.258304
12.460718739865236,12.503929
13.361381852676738,13.265154
12.349960845790923,12.444881
12.644008170618003,12.572763
12.04355959836804,11.942857
12.384013788973483,11.977791
12.706850963741102,12.737434
12.945628585536271,13.020595
13.060490101343552,13.16459
13.077368103521614,13.109168
12.971542813248437,12.957351
13.345508528717259,13.3652525
13.190023895035274,13.185523
13.102162710901053,13.19018
12.94323910384853,12.751785
14.077875591662238,13.846024
12.345838935721968,12.321542
12.128116509451258,12.074761
13.484226240787052,13.494051
12.978495316450783,13.092251
13.157442835076278,13.245316
13.597480162161881,13.659079
13.864301674514206,13.639856
12.524166311833152,12.549494
13.244582780038517,13.257383
12.367345048436391,12.352909
12.296831574998258,12.165513
12.154784614286667,12.15939
12.819908725726677,12.750228
13.482832514280924,13.495034
13.467371932904971,13.570294
13.120363378739663,13.084604
12.706850963741102,12.546062
13.465954500233115,13.536071
13.560619598657233,13.622764
13.091906231773164,13.093371
13.404531777462488,13.384056
13.006806611768816,13.023486
13.112315061750808,13.0038185
13.017005083966255,13.2161
13.304686600863562,13.278053
12.779875885354993,13.030252
12.33270970174018,12.406326
12.632976296995821,12.339109
12.100717685412471,12.155896
13.176853456625999,13.181946
13.081543466215237,13.111406
13.463540244163434,13.457452
12.337105293891872,12.407887
13.26212705890841,13.021863
13.151924121391561,13.124089
13.263083121810206,13.095019
12.584512505902088,12.628627
12.337105293891872,12.638047
13.3374763699232,13.702409
13.122365377402328,13.242069
13.217675375388819,13.299149
13.825461878915961,13.541053
13.854732232655556,13.99488
12.468440756144114,12.458398
12.928781055513184,12.933107
12.449022745701502,12.495208
13.775730728534615,13.599707
13.005831808336863,12.673256
12.250094315624496,12.211556
13.081543466215237,12.957036
12.591338447675579,12.641577
13.429849547739444,13.38775
12.653961664405365,12.717896
12.23052620515942,12.390302
13.414287937764227,13.387317
13.112315061750808,12.709231
13.085701467719382,13.141295
12.628070334272698,12.807145
12.685410698175232,12.837166
12.323749008830598,12.178843
13.437175577097312,13.399918
13.647093089770562,13.555742
13.331003865890963,13.352268
13.131325100934392,13.287158
12.793723190057223,12.839438
13.180522845577707,13.222634
12.896719202134523,12.658766
13.199326270390594,13.180759
12.899222326086994,12.889372
12.94323910384853,13.142296
12.706850963741102,12.55223
13.038983942375959,12.938779
13.005831808336863,13.000438
12.48937388613538,12.406376
12.396697137361691,12.302011
13.208542908506082,12.8748455
12.611541086966115,12.576648
13.038983942375959,13.150077
12.468248430698097,12.422536
12.706850963741102,12.876613
13.598598798635953,13.571382
12.301387370778713,12.41392
12.67888794332868,12.504304
12.959846800844963,13.007692
12.70533466782146,12.742088
12.54254845357358,12.445717
12.278397958261774,12.210132
13.560619598657233,13.497717
12.994532278619134,13.136334
13.345508528717259,13.40173
13.761583271347133,14.007878
12.433212202169729,12.298806
12.611541086966115,12.494836
12.644330802262578,13.101215
13.089842251812337,13.127053
12.634606283893019,12.583325
13.171155446333852,13.051579
12.932294285819538,12.979348
13.587983663824232,13.599282
13.031346169595265,13.175988
13.26212705890841,13.200551
12.220966184120165,12.2629595
13.854732232655556,13.72244
12.388398368982115,12.304993
13.115743514381114,13.203301
13.429849547739444,13.309962
12.487488878546145,12.48191
12.994532278619134,12.893766
13.31957518872681,13.324899
12.180759965737863,12.2296915
12.676079399771027,12.706104
13.049794835104816,13.15723
13.507627138738266,13.516358
12.721888795877375,12.761438
11.918397239722838,12.316069
13.407543823396258,13.429472
12.301160073254369,12.359362
12.765691290604371,12.588769
13.946539697563276,13.792158
13.51440681653079,13.367445
13.235693848424024,13.123967
12.647551406590285,12.675617
13.195615697878253,13.249458
12.994532278619134,12.963928
12.815566441092866,12.860888
13.02805489573287,12.911335
12.959846800844963,12.874745
13.081543466215237,13.001249
12.345838935721968,12.304785
13.047641986378483,13.007907
13.487007879880162,13.520801
13.19189130572284,13.171323
12.736556768559339,12.792818
13.579789490265188,13.35244
12.966880811009803,12.933267
13.676249640055394,13.644879
13.529162262303307,13.570412
12.367345048436391,12.37258
12.154784614286667,12.648654
12.9872329927875,13.23042
12.73670383776449,12.849611
13.534474352733596,13.382526
12.793723190057223,12.631305
12.73670383776449,12.725951
13.607872423954502,13.616526
12.591338447675579,12.679681
12.283871298734311,12.379083
13.451668563394815,13.4331045
13.222210522327158,12.946693
12.991687332961895,12.993677
13.527829818844937,13.582128
13.132315688453556,12.954771
12.429220196836383,12.70083
13.064736383209516,13.1050205
13.268195554222844,13.3270035
13.07107218827772,13.082227
13.369225017834633,13.335061
13.07107218827772,13.272632
11.736077016252437,12.129148
13.276801444503338,13.276751
13.815511557963774,13.672775
13.310502976519178,13.199449
12.554794547705303,12.700484
12.54254845357358,12.245264
12.899222326086994,12.926711
12.660331092405906,12.685485
11.987904197838708,12.486795
13.527829818844937,13.471967
13.347107247525049,13.519501
13.493928313146206,13.513488
13.814010433339758,13.641039
13.73755009757506,13.598029
13.480039220276565,13.53598
12.732282325539853,12.738482
12.323860125621126,12.287526
12.608202196848836,12.700402
13.1421679654829,13.10734
12.907944158189096,13.046903
12.660331092405906,12.651586
13.174957725054906,13.183214
13.102162710901053,12.843852
12.84132849667433,12.748167
13.25339339419516,13.216448
13.523821802802145,13.481765
13.000198003314573,13.101287
13.132266182375686,13.159214
13.172845442834628,13.103229
13.161586013632684,12.993408
12.319405795112926,12.065474
12.154784614286667,12.18119
12.5423698668371,12.429733
12.437188334739655,12.765737
12.921472880009725,12.868087
13.091906231773164,12.994505
13.122365377402328,13.120982
13.73755009757506,13.76374
13.279368835614243,13.383343
13.60479076121576,13.629141
13.269922667385995,13.166462
13.561844652841772,13.53377
13.054086677976365,12.876416
13.527829818844937,13.462857
13.202838606911426,13.138893
13.091906231773164,13.000443
14.272936037914342,14.203853
12.506180941677357,12.765512
12.923914877701906,13.002735
13.675099554994853,13.570801
13.407543823396258,13.359211
13.235693848424024,13.274329
12.987690762404629,13.040225
12.791080452981857,12.755152
12.409017571151187,12.832476
13.089842251812337,13.411934
12.959846800844963,13.046008
12.765691290604371,12.719453
13.251637470576167,13.089995
13.547632419997361,13.374241
13.016893966928787,13.052444
13.122365377402328,13.234991
14.144815024531075,13.863932
12.292254928916668,12.2676935
12.959846800844963,13.110915
13.527829818844937,13.479932
12.429020177633873,12.464739
12.73670383776449,12.712649
12.861001210669146,12.749779
12.959846800844963,12.289012
12.57936229760897,13.127217
13.215855541983634,13.2702
13.091906231773164,13.122728
12.180759965737863,12.204257
12.866182555987908,12.874788
13.102162710901053,13.312095
12.779875885354993,12.548459
13.045484492893253,12.945947
13.054086677976365,12.993889
12.983103608918753,12.923006
13.091906231773164,13.3709135
13.460264592549233,13.361538
13.077368103521614,13.112923
13.26212705890841,13.090616
12.989976472461,12.876899
12.660331092405906,12.840165
12.013706813470414,12.295026
11.975407125004564,12.170096
13.045484492893253,12.970177
12.25486757159303,12.3140335
12.676079399771027,12.753638
12.013706813470414,12.405356
12.675766851909591,12.711729
12.923670946108873,12.848997
13.697853639354802,13.701187
12.764261701882237,12.632096
12.989976472461,13.236175
12.706850963741102,12.857194
13.68767832281738,13.737509
13.081543466215237,13.302482
13.235693848424024,13.029752
12.464587201678082,12.427668
13.017005083966255,13.231454
12.936036208848487,13.135054
13.332220655792803,13.328996
12.948012371209098,13.102964
12.899097318586382,12.945676
13.480039220276565,13.300001
12.971542813248437,13.208539
11.951186847493476,12.442916
12.28765724080691,12.389636
13.51440681653079,13.436395
12.500609917318906,12.81286
12.551472766863665,12.320554
12.611541086966115,12.663383
12.037659911047468,12.076014
12.736409677721657,12.743069
13.312985389904174,13.341033
12.721888795877375,12.742853
13.567050480716235,13.6302805
12.611541086966115,12.522589
12.44312304677877,12.373756
12.429220196836383,12.478963
12.736409677721657,12.672648
12.992256969959042,12.938519
12.691583538230217,12.673278
12.650280788619,12.708545
13.399996629152975,13.419198
12.48332931179837,12.511494
13.06038371293213,13.0591545
12.706699437569211,12.570871
13.197472705176983,13.269356
13.061553363403824,13.196413
13.437175577097312,13.125164
12.75275081654168,12.697088
13.204866440535003,13.151491
12.9478933167868,13.116266
13.02805489573287,12.830459
12.506180941677357,12.539221
12.847929163278053,12.813284
12.52779738470044,12.2662325
13.399996629152975,13.477482
13.11554216574729,13.197958
12.66001358269538,12.6993265
13.286183160425152,13.530848
12.577639650232573,12.63442
13.112315061750808,13.295061
13.45883704259595,13.425282
14.054528245836039,14.009379
12.7022951610422,12.637188
13.303018546545275,13.28798
13.645908958411516,13.600498
12.25486757159303,12.342399
13.081543466215237,12.681354
12.367345048436391,12.576009
12.491255347155265,12.535157
12.84265212010087,12.826527
13.049794835104816,13.073171
13.1710602038846,13.180656
14.077875591662238,13.888774
13.47302165746721,13.467363
13.038983942375959,12.927474
13.08673827229789,13.125434
12.923914877701906,12.9790945
13.190023895035274,13.136573
12.345838935721968,12.319167
12.508031074119511,12.411105
13.217675375388819,13.414644
13.092936626443631,13.143422
13.598598798635953,13.211378
13.989464705423494,14.026096
13.274227444925158,13.24639
13.098072734013513,13.300757
12.948012371209098,12.889064
12.830675960927596,13.020727
12.959846800844963,12.773135
12.762830066509972,12.705644
13.55082991275719,13.442895
13.167338655091122,12.9755335
12.742568940017076,12.633196
12.323860125621126,12.354293
12.567240979056246,12.490039
13.805461232211272,13.782934
13.946539697563276,13.786831
12.834683971615659,12.826204
12.384223015005313,12.35483
12.449022745701502,12.310968
12.660331092405906,13.082736
13.217675375388819,13.178024
13.017005083966255,12.957865
12.936036208848487,12.765734
12.691583538230217,12.552601
12.04355959836804,12.732436
13.560619598657233,13.532501
12.560247968016562,12.624684
12.654600435941708,12.680598
13.539758373899955,13.531471
12.873904582205107,13.037099
12.834683971615659,13.163235
12.765691290604371,12.739684
12.230770136157428,12.005843
12.75130259456002,12.689747
12.724869415131389,12.51266
13.217675375388819,13.157106
12.834683971615659,13.1792145
13.373683805667236,13.283906
13.241036683319184,13.341229
13.391322769207571,13.422283
12.676079399771027,12.765166
12.07254696717504,12.781899
12.971542813248437,12.745123
12.328294703023396,12.744001
12.449022745701502,12.637503
13.353476685668044,13.246269
13.15348600477739,13.103339
12.34148164933907,12.319224
13.39992086882226,13.412972
12.328294703023396,12.423243
13.26212705890841,13.320216
12.691583538230217,12.531036
12.899097318586382,13.06169
13.429776015732399,13.387733
12.959846800844963,12.949879
13.345508528717259,13.217023
12.793862088206213,12.831674
12.323860125621126,12.325624
13.698977865303197,13.634744
12.899097318586382,12.820988
11.775297421715827,12.590379
13.579789490265188,13.501037
13.091906231773164,13.14417
12.59473402514672,12.54293
13.111102207777295,13.142682
13.199326270390594,13.290623
13.171155446333852,13.4731865
12.34148164933907,12.430759
13.384729180332174,13.260476
12.82396003700373,12.769103
13.058360179622305,13.089862
12.661758639868427,12.613126
12.985399815906522,13.048976
13.739170404037784,13.654643
14.151983508870947,13.763685
13.296318365198623,13.350069
13.048826626687957,13.060395
12.25486757159303,12.519332
13.541075028051122,13.544495
12.819908725726677,12.808367
12.834683971615659,12.945793
12.100717685412471,12.214467
12.367345048436391,12.524078
12.429220196836383,12.63852
12.971310228604022,12.820177
14.151983508870947,13.993787
13.399996629152975,13.280007
12.535379989788607,12.101608
13.081439294339882,13.08913
13.384729180332174,13.494968
13.574077009751477,13.589894
13.592368256649284,13.585657
13.005719442726015,12.812661
12.429220196836383,12.810656
12.733758336210744,12.458324
12.496878583628968,12.536974
13.102162710901053,13.169017
13.257769761133897,13.325946
13.26212705890841,12.949187
13.51440681653079,13.563275
14.0225255403564,13.981734
13.46496110058199,13.217426
13.507627138738266,13.424962
12.543976000470021,12.387964
13.434251602680698,13.444466
12.59473402514672,12.544313
13.567050480716235,13.496488
12.468248430698097,12.398146
13.304686600863562,13.141249
12.89897229545694,12.896169
13.161586013632684,12.959644
12.899222326086994,12.905307
12.75130259456002,12.847621
13.339310168397033,13.370064
12.660331092405906,12.929287
13.19189130572284,13.134288
12.821260987319457,12.831841
13.23551526136861,13.128539
12.978934018269888,12.945343
13.228525371792253,12.963164
13.171155446333852,13.553354
14.085538458535822,13.804802
12.613203032957399,12.60972
12.980802117227352,12.945112
12.54254845357358,12.609897
11.580593459194764,12.362969
13.399996629152975,13.453994
12.80078251189375,12.740634
13.208542908506082,12.795375
13.105219253155285,13.236706
12.644330802262578,12.912884
13.49116588426581,13.536116
13.06038371293213,13.045669
12.706850963741102,12.565222
13.845070331079134,13.933929
12.494070917985464,12.477046
13.122365377402328,12.97472
13.353476685668044,13.461163
12.983103608918753,13.228898
12.624786269856633,12.57227
13.017005083966255,12.970167
12.748074209866338,12.716062
13.112315061750808,13.262745
13.217675375388819,12.96536
13.038983942375959,12.9540825
12.917045009335826,12.919931
12.899222326086994,13.21077
13.717898831632498,13.656376
13.527829818844937,13.527271
13.467371932904971,13.3464365
13.270785106659046,13.156545
13.345508528717259,13.221779
12.300932724054114,12.126544
12.437188334739655,12.57124
13.38856795074486,13.099417
12.691429680714283,12.719908
13.384729180332174,13.412755
12.899222326086994,12.912151
12.650761671914688,12.695392
12.409017571151187,12.48487
12.691275799522568,12.622348
12.560247968016562,12.534447
13.487007879880162,13.609391
12.467959873156758,12.683106
13.091906231773164,12.918511
12.879019669789754,12.973536
13.122365377402328,13.065184
13.845070331079134,13.566078
13.120363378739663,13.084068
12.706850963741102,12.699684
13.910821646859095,13.937169
13.565767608549109,13.606534
12.445093483000798,12.48958
12.660331092405906,12.542818
13.428377879293798,13.240535
12.345838935721968,12.45365
13.615718476407858,13.140516
13.056225711649638,13.060605
13.132315688453556,13.162321
13.214032390746006,13.293173
12.533579815765737,12.445047
12.449022745701502,12.468023
13.45883704259595,13.434666
13.813509557297108,13.759404
12.013706813470414,12.138678
13.322853874813605,13.220631
13.279368835614243,13.352378
13.345508528717259,13.296037
13.560619598657233,13.624232
12.779875885354993,12.8336525
13.180634172318978,13.368496
12.700771936142122,12.612407
12.392556361841777,12.417701
12.428820118415677,12.6227255
12.581081982573842,12.61565
13.038766527911386,13.145832
12.464587201678082,12.575359
12.154784614286667,12.653032
13.76421831620775,13.62623
12.834683971615659,12.722018
12.971542813248437,12.918758
13.208542908506082,13.328633
13.32825008217093,13.339824
12.727692798169336,12.648908
12.487488878546145,12.80052
13.334245354561496,13.275988
12.019749091416921,12.134504
13.652992804936396,13.64734
13.208542908506082,13.209343
12.886643575525625,12.888099
12.660331092405906,12.540036
12.923914877701906,12.632896
12.505995740029274,12.36564
13.353476685668044,13.486276
13.329379172803593,13.077763
12.013706813470414,12.151263
13.592368256649284,13.640439
12.149507585033072,12.004856
12.718926211630402,12.962829
13.021439671201302,12.886138
13.080501258809191,12.770592
12.505810504075185,12.555877
12.230770136157428,12.232184
13.541075028051122,13.619536
12.959846800844963,12.903125
13.691081612088286,13.723033
13.399996629152975,13.618333
13.645908958411516,13.622451
13.253391639810733,13.11954
12.90669432231532,13.002416
12.927566729229966,12.824223
13.25339339419516,12.704385
12.28765724080691,12.25294
13.270785106659046,13.325919
12.999519808823099,13.135768
12.723380216015363,12.765262
12.727841176689147,12.84231
13.235693848424024,13.325556
12.936036208848487,12.896149
13.329379172803593,13.310345
12.685410698175232,12.713497
14.04662307257814,14.038741
12.25486757159303,12.544783
13.091906231773164,13.358431
12.632976296995821,12.770404
13.096021455450709,13.289132
12.192992471824816,12.42599
12.896719202134523,12.877286
13.45883704259595,13.330173
12.52443910011295,13.462249
12.388398368982115,12.369858
12.691583538230217,12.860121
12.487488878546145,12.575531
13.091906231773164,13.1019945
13.122365377402328,13.392518
12.847929163278053,12.796711
12.628070334272698,12.817662
13.217675375388819,13.115038
12.611374406964662,12.5732355
13.102162710901053,13.114092
12.91164481522143,12.93127
13.304603264196713,13.480226
12.959846800844963,13.038202
13.038983942375959,13.121382
12.468440756144114,12.437177
13.122365377402328,13.147332
12.449022745701502,12.738647
12.80078251189375,12.809757
13.487007879880162,13.390702
12.99441863605669,12.7842455
13.151924121391561,13.351437
13.151924121391561,13.133678
13.560619598657233,13.628708
13.112315061750808,13.067684
13.592368256649284,13.395724
13.664688831019712,13.701678
12.742568940017076,12.621267
13.429849547739444,13.326127
12.676079399771027,12.7888775
13.539758373899955,13.3069725
13.345508528717259,13.478238
14.070153551531353,13.997795
13.223115088821102,12.994632
13.087774003025942,13.179764
12.907934245003815,13.272529
13.28448392755959,13.595189
13.544359098938253,13.628708
13.44806496108591,13.493608
12.402465567990559,12.354634
12.98883427049148,13.177068
12.861001210669146,12.989165
13.361381852676738,13.499047
12.928781055513184,13.010118
12.91164481522143,12.883537
12.936036208848487,12.829359
12.524530013005734,12.917871
12.345838935721968,12.465524
12.971542813248437,12.590699
13.215855541983634,13.123602
12.959846800844963,13.124326
13.085701467719382,13.108292
13.222210522327158,13.3775625
12.449022745701502,12.430223
12.652362948153474,12.652145
13.437175577097312,13.438834
12.91164481522143,12.985914
13.4090464510229,13.256636
12.601490784782536,12.681198
12.847929163278053,12.609444
12.936036208848487,12.988304
13.347107247525049,13.22119
13.384729180332174,13.443074
12.724869415131389,12.859141
12.899222326086994,12.956027
12.583484584029573,12.636583
12.779875885354993,12.690636
12.80216086806413,12.74503
13.377007146164305,13.426116
13.418015107599418,13.214022
13.864301674514206,13.812493
13.02805489573287,12.983186
13.569611298299009,13.679351
13.617060838751888,13.649498
12.245298166364206,12.535863
13.017005083966255,12.769281
13.429849547739444,13.441243
13.339892798942067,13.277419
13.377007146164305,13.355777
12.847929163278053,12.915285
12.206077645517674,12.1520815
13.45883704259595,13.103821
12.574185427296195,12.567929
12.297744396089387,12.331277
12.793862088206213,12.607379
12.721888795877375,12.833341
13.297158347037207,13.133778
12.019749091416921,12.239236
13.47302165746721,13.5357065
13.316302191788473,13.144479
12.524530013005734,12.707764
13.312985389904174,13.252507
12.965711906537503,13.222565
13.365859992731924,13.431896
12.807655372286902,12.650402
13.454542124461861,13.495554
13.006954770559393,13.0547495
12.899222326086994,12.976375
13.676249640055394,13.658816
13.444448325847754,13.415467
12.834683971615659,13.211462
13.217675375388819,13.181115
14.285514812209815,14.101015
13.751239734325864,13.516755
13.361381852676738,13.225753
13.038983942375959,13.184443
12.07254696717504,12.074977
13.038983942375959,13.160525
12.463621488288547,12.436493
12.846612510860464,12.766824
13.233906541044401,13.331084
12.644330802262578,12.647417
12.934830666099812,12.801513
12.576159249736522,12.466112
12.876465396508989,12.746401
13.26212705890841,13.028182
13.324489195480057,13.243061
12.948012371209098,12.991421
13.321215875492413,13.033036
12.721888795877375,12.549999
12.765691290604371,12.985231
12.644330802262578,12.44228
13.304686600863562,13.398706
13.120363378739663,13.134693
12.73670383776449,12.729593
13.281076775042335,13.198866
13.038983942375959,13.104603
12.428820118415677,12.598204
12.976414636196449,13.118716
12.628070334272698,12.47995
13.361381852676738,13.242844
12.971542813248437,12.851151
11.711784520403112,12.011986
13.401894823562731,13.500793
13.426166307749664,13.410429
12.765691290604371,12.736013
12.663500657121004,12.576144
13.397113693968963,13.418642
12.660331092405906,12.647001
12.691583538230217,12.627818
13.257769761133897,13.414656
12.628070334272698,12.681285
12.771389295485289,12.410487
12.117246896289503,12.358797
13.017005083966255,12.860001
12.201065128819632,12.295692
13.437175577097312,13.223267
12.666660207428574,12.628813
12.031725210748633,12.302688
13.652992804936396,13.636489
12.563575746452228,12.286155
12.754052425513905,12.656624
12.850557278777309,12.773711
13.627976640389322,13.493675
12.506180941677357,12.524575
13.87378040948403,13.689473
12.429220196836383,12.603007
13.662360543970586,13.59704
12.668236246916223,12.562853
12.834657304664542,12.836103
12.549665896013254,12.52137
13.68767832281738,13.619127
12.847929163278053,12.805922
13.444448325847754,13.68352
12.629691964218381,12.746565
13.208542908506082,13.244529
13.199326270390594,13.224446
13.091906231773164,12.814492
13.180634172318978,13.116624
12.771389295485289,12.796118
13.012550743537489,12.89903
13.017005083966255,12.926981
13.217675375388819,13.374177
12.899222326086994,13.080353
11.599112335481124,12.08781
12.683861515988351,12.587967
12.77280873810987,12.730154
13.797347605666022,13.540963
12.70624472124373,12.642004
12.556733038263905,12.472413
12.685410698175232,12.685199
12.611541086966115,12.85707
12.804911893867851,12.929375
13.554147092530322,13.620752
12.899222326086994,12.93077
13.34222314299099,13.318976
13.981025843899115,13.918262
13.641158361294979,13.638649
12.95394709264047,12.764752
13.140205260167273,12.8947525
13.641158361294979,13.429821
13.481611408114164,13.461895
12.230770136157428,12.249836
12.98425237148331,12.952363
13.7736473966179,13.8232765
12.611374406964662,12.701626
13.22672519452875,13.115648
12.20582761551277,12.13693
14.144815024531075,13.835162
12.847929163278053,12.594928
13.39239204133378,13.313048
13.429849547739444,13.564847
12.449022745701502,12.545791
12.310437165348775,12.371466
12.644330802262578,12.643751
12.896719202134523,12.948654
12.956311154346547,12.921795
12.721888795877375,12.576235
13.07107218827772,13.213213
12.54254845357358,12.559316
12.765691290604371,12.907309
12.47801017053037,12.458642
12.834683971615659,12.673895
12.650761671914688,12.752722
13.25339339419516,13.299325
13.629182184591333,13.321847
13.06685278163674,13.070759
12.923914877701906,12.740487
12.765691290604371,12.905611
13.655342979519684,13.211759
12.969097972272435,13.1126
12.73670383776449,12.4397545
12.948012371209098,13.037945
12.278397958261774,12.37952
13.334245354561496,13.211229
12.859441557531706,12.921282
13.732130035981154,13.602783
12.936036208848487,12.909378
13.52649559761195,13.596783
13.52956830448269,13.618106
12.301387370778713,12.759861
12.810391344620207,12.916435
13.76421831620775,13.542281
13.317109100286022,13.354216
12.034696963475044,12.293363
13.244582780038517,13.348547
12.807655372286902,12.756351
12.312686874960354,12.371468
13.199326270390594,13.075736
12.505995740029274,12.537761
12.660331092405906,12.712425
12.901594504308633,13.10597
13.122365377402328,13.138649
13.710151153416941,13.876634
12.721888795877375,12.62
13.399996629152975,13.38658
12.983103608918753,12.929973
13.122345377242327,13.162549
12.994532278619134,12.838834
13.345508528717259,13.391512
12.886643575525625,13.0430765
12.388398368982115,12.4032
12.04355959836804,12.257188
13.47302165746721,13.395711
12.278397958261774,12.287146
12.36308066783498,12.111149
12.676079399771027,12.807087
11.813037464800539,12.045622
14.144815024531075,14.018422
12.456835254920371,12.335315
13.165424782571753,12.804155
12.283038316285214,12.270108
13.016782837542953,12.886935
12.628070334272698,12.712592
12.807655372286902,12.815643
13.07107218827772,13.081249
12.899097318586382,12.916062
13.081543466215237,12.9740505
12.994532278619134,13.12915
13.017005083966255,12.9882555
12.437188334739655,12.393864
13.614618838078025,13.505486
13.171155446333852,13.033276
13.350297037805756,13.326354
12.292254928916668,12.24247
12.230770136157428,12.715391
13.07107218827772,13.169992
12.700771936142122,12.672324
12.886643575525625,13.00442
13.534265059587314,13.49216
12.945628585536271,13.029902
13.415034483903348,13.275382
13.102162710901053,13.121683
12.428820118415677,12.427034
12.706850963741102,13.137525
11.931642378754141,12.053906
12.959846800844963,12.900194
12.700771936142122,12.708909
13.410546824147012,13.38587
12.515397562803473,12.604453
13.308014385419147,13.4715395
12.235636302128867,12.307738
13.217675375388819,12.64746
12.505995740029274,12.600442
12.157412722878947,12.311907
12.180759965737863,12.268043
12.267379387590864,12.271553
12.52815976788113,12.596135
12.958669640443368,12.974007
12.847929163278053,12.890852
12.959846800844963,13.08193
13.038973072775297,13.046323
12.82530683492637,12.721417
13.353476685668044,13.3754835
13.26212705890841,13.357104
13.217675375388819,13.057191
13.02805489573287,12.8295765
12.611541086966115,12.46755
13.955273369904273,14.012809
12.53897064502647,12.556642
13.361381852676738,13.385168
12.201065128819632,12.528987
12.468440756144114,12.460666
12.853178505386333,12.917356
13.25339339419516,13.1963415
13.049794835104816,13.022294
13.07107218827772,13.124061
12.25486757159303,12.52611
13.28787951079572,13.196018
13.047641986378483,13.07485
13.07107218827772,13.266597
13.444448325847754,13.222493
12.73080413304066,12.53775
12.793862088206213,12.775745
12.765691290604371,12.594797
12.524530013005734,12.441228
12.748399843328054,12.674997
12.278397958261774,12.453914
12.611541086966115,12.561546
13.623139877437296,13.668237
13.206706364071684,13.128659
13.731264445014508,13.916541
12.983103608918753,13.057845
13.345508528717259,13.308689
13.171155446333852,13.005091
12.631343648903034,12.82405
13.359805810705184,13.441512
13.091906231773164,13.203346
12.611541086966115,12.723177
11.561725152903833,11.79761
12.981953525180908,12.909762
11.722383799419628,12.2242775
13.189088880352877,13.062491
13.304686600863562,13.285258
12.983103608918753,12.99582
12.245298166364206,12.255726
12.959846800844963,13.151695
12.899222326086994,12.865667
12.409017571151187,12.373838
12.81584093453868,12.672518
12.816520049867693,13.219562
13.06896471037963,12.988649
13.67452401607311,13.375957
13.676192167205551,13.651371
13.220398930910678,13.186105
13.021439671201302,12.816658
13.304686600863562,13.169934
12.91164481522143,12.768877
13.138829070775179,13.126639
12.959846800844963,12.761231
13.617060838751888,13.643572
12.631343648903034,12.698281
12.504327379899443,12.433029
12.971542813248437,12.957036
12.487488878546145,12.682236
12.26670197321789,12.327957
13.015893357585442,12.818139
12.936036208848487,12.981372
12.624786269856633,12.606413
13.25339339419516,13.410576
13.171155446333852,13.287758
14.04662307257814,13.895057
13.118357364036902,13.054751
13.017005083966255,12.959608
12.97142652768818,12.9902935
12.847929163278053,13.052444
12.886643575525625,12.802962
13.26212705890841,13.150985
12.992083834637409,12.932253
12.367345048436391,12.311328
13.292107839753712,13.367642
12.483708170000067,12.418928
13.329379172803593,13.394787
11.918397239722838,12.220196
12.93374443362618,12.920256
12.560247968016562,12.659628
12.983126597107423,12.539561
13.45883704259595,13.403506
13.217675375388819,13.189655
12.24769911637256,12.029627
12.847929163278053,12.913717
12.959846800844963,12.991306
13.151924121391561,13.215816
12.847929163278053,12.562777
13.8924725250259,13.562797
12.899097318586382,13.015214
12.936036208848487,12.952208
13.235693848424024,13.559667
13.324489195480057,13.233015
12.563575746452228,12.497036
12.577639650232573,12.904109
13.665979856250843,13.703106
12.468440756144114,12.889881
13.161393687816775,13.252003
12.73670383776449,12.739531
13.60479076121576,13.474295
13.540943440619637,13.456395
13.541075028051122,13.494688
13.22672519452875,13.05949
13.681980308196241,13.7096615
12.70683581215708,12.6792965
12.20582761551277,12.383519
13.199326270390594,13.074273
12.676079399771027,12.548273
12.429220196836383,12.374921
12.765691290604371,12.965403
12.84779757601972,12.810134
12.25486757159303,12.294585
12.154784614286667,12.3190365
13.222572447119518,13.116108
12.694655727828803,12.682783
13.500801182986649,13.532688
12.618185607609803,12.625965
13.255146239950099,13.212519
12.289728816773545,12.397768
12.206077645517674,12.703287
13.171155446333852,13.174033
13.256896018612155,13.003907
13.081543466215237,13.1102705
12.644330802262578,12.789072
12.367345048436391,12.736176
12.608202196848836,12.672015
13.345508528717259,13.3489275
12.206077645517674,12.410728
13.122365377402328,13.159093
13.579789490265188,13.489499
13.883170141017091,13.819085
12.647551406590285,12.630822
13.296318365198623,13.775379
14.151983508870947,13.980282
12.784653174819363,12.769775
13.283633227126662,13.20472
12.939644141546536,12.903326
13.082584588555772,13.034252
12.278397958261774,12.193451
13.109280164196072,13.187986
12.948012371209098,12.900787
12.660331092405906,12.852642
13.329379172803593,13.121882
13.017005083966255,13.01097
13.054086677976365,13.109062
13.249878458265119,13.241601
13.62556118319494,13.547707
13.151924121391561,13.196367
13.664688831019712,13.643267
13.054086677976365,13.107973
13.541075028051122,13.715567
13.586098651497313,13.557708
13.629182184591333,13.581145
13.038983942375959,13.189296
12.468440756144114,12.5079
11.695255355062795,12.185894
13.269059483669357,13.124502
12.47801017053037,12.384342
12.474193386571581,12.5579
12.94323910384853,13.142296
12.793862088206213,12.72125
13.101141783851535,12.988091
13.217675375388819,13.194986
12.720395148082574,12.84712
13.521140839642674,13.267596
13.224289803319873,13.103342
12.628070334272698,12.7605095
12.73670383776449,12.630889
13.208542908506082,13.223475
12.345838935721968,12.342274
13.845070331079134,13.672168
12.429220196836383,12.650567
12.138869243416009,12.221582
12.240478903153711,12.447095
12.79802008682886,12.921998
13.429849547739444,13.342168
12.128116509451258,12.327819
12.818554633046093,12.830365
13.049794835104816,13.023046
12.706850963741102,12.793917
12.524530013005734,12.587396
13.199326270390594,13.125668
13.955273369904273,13.939333
13.345508528717259,13.500204
13.312985389904174,13.200464
12.861001210669146,12.929625
12.881567435377423,12.882104
13.429849547739444,13.328774
13.345508528717259,13.370139
12.785493861878301,12.664107
13.287031695310965,13.251375
12.616030977306215,12.620604
12.895844134850202,12.9436245
13.091906231773164,13.196031
13.592368256649284,13.228662
13.42246945133505,13.4331045
13.513054553109397,13.376873
12.388190014812611,12.3622875
13.081543466215237,13.0148
13.180634172318978,12.921145
13.060490101343552,13.228049
13.579789490265188,13.555585
13.062615496138552,13.03732
12.765691290604371,12.703189
13.049794835104816,13.044494
12.367345048436391,12.485326
12.19602736016897,12.4625025
12.07824495582233,12.300619
12.807655372286902,12.737111
12.91164481522143,12.84707
12.959846800844963,12.937458
12.765691290604371,12.763279
13.42246945133505,13.521831
12.128116509451258,12.460321
13.0400703062278,12.968134
13.038983942375959,13.232276
13.1421679654829,13.057386
13.399996629152975,13.523798
12.206077645517674,12.24076
12.706850963741102,12.761374
13.438634364432907,13.479271
12.487488878546145,12.409843
13.66072751156875,13.641659
12.301387370778713,12.333826
13.35743708061023,13.31366
12.515214060402746,12.528263
13.76421831620775,13.709605
13.005831808336863,12.928741
12.464587201678082,12.336301
13.014780393893403,12.828054
12.487488878546145,12.711732
13.704580114574805,13.887195
13.573440270649085,13.567481
12.380030154325457,12.34622
12.367345048436391,12.37274
12.93108422083661,12.892038
12.264346270624157,12.502815
12.721882825728121,12.521245
12.98883427049148,13.038307
13.049794835104816,12.961328
13.3374763699232,13.4550295
12.902965303025876,13.171383
13.081335111611617,12.819138
13.385498114212531,13.313143
13.428377879293798,13.424406
13.765533239405837,13.636271
13.733759141278622,13.352755
12.793862088206213,12.822196
14.180154365996387,13.628795
13.217675375388819,13.187339
12.758522821680685,12.837635
13.676249640055394,13.591999
13.235693848424024,13.284656
13.269059483669357,13.190422
13.845070331079134,13.728673
12.976183182038383,12.893848
11.918397239722838,12.316069
13.151924121391561,13.055165
12.264346270624157,12.567225
12.994532278619134,12.910449
13.529162262303307,13.485125
12.672949516558306,12.700963
12.660331092405906,12.208872
13.12216535779974,13.035298
12.829336379587506,12.83296
13.8924725250259,13.841859
12.93108422083661,12.892038
12.608202196848836,12.481817
12.323860125621126,12.364412
12.468248430698097,12.5529
13.493928313146206,13.558779
13.36906875587051,13.412181
11.801114908687438,11.614261
12.505810504075185,12.539029
12.873904582205107,13.0174265
12.727841176689147,12.84392
13.335862167174314,13.345806
12.069685751267224,12.252215
12.779875885354993,12.721062
12.628070334272698,12.708987
12.524530013005734,12.719142
13.190023895035274,13.208348
12.765691290604371,12.800664
12.628070334272698,12.703121
13.265599278590988,13.316373
13.016893966928787,13.186913
12.631343648903034,12.7281475
13.270785106659046,13.365339
13.07107218827772,13.002333
13.081543466215237,13.182652
13.151924121391561,13.189778
13.404531777462488,13.263661
12.54254845357358,12.771686
12.886643575525625,12.887975
12.409017571151187,12.153706
13.51440681653079,13.690896
12.301387370778713,12.382416
13.012550743537489,13.005654
12.111767460549332,12.228937
12.425212191503038,12.498294
12.170191549642151,11.961768
13.25339339419516,13.27688
13.326448056767768,13.410051
13.279368835614243,13.26551
13.038875241052304,13.12659
13.217675375388819,13.230785
13.217675375388819,13.095579
13.541075028051122,13.698632
12.765691290604371,12.73045
12.336885972558923,12.392053
13.372345140303285,13.465437
13.05942570755364,12.99462
13.493928313146206,13.532514
12.706850963741102,13.096476
13.42246945133505,13.124211
12.505995740029274,12.288122
13.1421679654829,13.074296
13.500801182986649,13.472614
13.527829818844937,13.408556
11.794345471549745,12.160445
12.506180941677357,12.594423
13.122265372602016,13.053799
12.683861515988351,12.681233
12.367345048436391,12.495766
12.301387370778713,12.265809
12.969214528909768,12.847018
12.936033799212835,13.035958
13.63877457278093,13.669728
14.187074804051692,13.950818
13.22672519452875,13.367332
12.524530013005734,12.971681
12.804884421038478,12.835671
13.445172700056359,13.374452
12.873904582205107,12.821479
13.237477967034438,13.279802
12.278397958261774,12.230047
13.138238695062618,13.051583
13.135281577002589,13.010676
13.429849547739444,13.500653
13.132315688453556,13.311764
13.345508528717259,13.464141
12.84265212010087,12.823226
13.251637470576167,13.308025
12.969214528909768,12.882367
13.45883704259595,13.355283
13.214032390746006,13.179192
13.122365377402328,13.097321
12.345838935721968,12.922891
13.017005083966255,13.092486
13.541732705605012,13.449325
13.171155446333852,13.180885
12.987580916806237,12.918964
13.442998001373553,13.405678
12.861001210669146,12.850343
13.017005083966255,12.92781
13.803438988875241,13.76511
12.899222326086994,12.849706
13.972515161474428,13.9390745
12.992256969959042,12.894347
12.74110588624638,12.764766
12.847929163278053,12.543462
13.413167072518338,13.304868
13.541075028051122,13.2865505
12.931205293247745,12.958877
13.010316110729669,12.934587
12.286043042897075,12.504795
12.718899265966332,12.671881
13.25427020113111,13.095535
13.180634172318978,13.273569
12.628070334272698,12.819544
11.813037464800539,11.762953
12.936036208848487,13.058995
13.122365377402328,12.831922
13.22672519452875,12.980772
13.972515161474428,13.739864
12.886643575525625,12.650253
13.124363376072994,12.958525
12.445093483000798,12.450872
13.366095129723817,13.33306
12.810391344620207,12.53233
12.827995001361906,12.863976
12.40287632827253,12.519093
13.487007879880162,13.527873
13.493928313146206,13.440818
13.658857917508856,13.672211
13.047210859903013,12.9726305
13.217675375388819,13.351237
13.530160431079356,13.49136
12.314931534737134,12.5064535
12.959846800844963,13.104468
12.531776395271262,12.554215
12.834683971615659,12.848688
12.900159384566786,12.909215
13.112315061750808,13.129439
13.304686600863562,13.323243
12.647551406590285,12.748196
12.873904582205107,12.892652
13.567050480716235,13.438108
12.669809806411457,12.6934185
12.899222326086994,12.790653
12.683861515988351,12.67575
12.855792879125431,13.099711
13.4040791870536,13.071153
12.506180941677357,12.597476
12.873904582205107,12.988873
12.577639650232573,12.472637
13.180634172318978,13.100931
12.73080413304066,12.781203
12.5423698668371,12.537887
12.899129822039876,12.929764
13.554147092530322,13.467415
12.873904582205107,12.930209
12.506180941677357,12.969311
12.292254928916668,12.223984
13.30967413408274,13.208127
13.038983942375959,13.099156
13.652992804936396,13.601554
13.045484492893253,13.083148
12.154784614286667,12.282947
12.611541086966115,12.5397215
12.542566310493227,12.297552
13.000198003314573,12.94956
13.69984939454392,13.653381
12.031725210748633,12.459035
12.40287632827253,12.457594
13.279368835614243,13.281342
12.834683971615659,12.691119
12.861001210669146,12.846931
12.95039048795861,12.836805
13.132315688453556,13.236095
12.524530013005734,12.788436
13.529162262303307,13.405418
13.199326270390594,13.180759
12.598118111678868,12.72704
12.995667994503354,13.032136
12.54254845357358,12.788444
13.120563759062184,13.005795
12.438576254510705,12.53324
13.241036683319184,13.219834
13.560619598657233,13.356321
13.23961471617942,13.208331
11.407576060361786,11.994978
12.706850963741102,12.899559
13.669707605374727,13.694044
12.936036208848487,13.0011635
13.399996629152975,13.409409
13.329379172803593,13.290469
13.044403998094442,13.34576
12.409017571151187,12.559884
13.02805489573287,12.993382
13.76421831620775,13.720298
12.660331092405906,12.802454
13.116347317149176,12.8938675
12.421188057397055,12.383931
12.73670383776449,12.843734
13.507627138738266,13.455035
13.304686600863562,13.271773
13.100119813444692,12.9969845
13.361381852676738,13.187683
13.52649559761195,13.595909
13.477238101919994,13.064469
12.409017571151187,12.49866
13.190023895035274,13.273736
12.69771850797869,12.663613
13.122365377402328,13.014756
13.598598798635953,13.473586
11.884495917930655,12.188768
12.577636201962656,12.511704
13.062615496138552,12.979633
13.44081856306726,13.178148
13.017005083966255,13.030391
12.744029856388185,12.64016
13.182519183461475,12.965234
13.190023895035274,12.982118
12.54254845357358,12.4763565
12.624786269856633,12.511266
12.726356399830706,12.74723
12.309986615445005,12.095978
13.541075028051122,13.492922
12.715900771961074,12.566684
12.560247968016562,12.666095
12.421188057397055,12.587519
13.652992804936396,13.545894
13.304603264196713,13.279026
13.652992804936396,13.687761
12.834683971615659,12.87056
12.574185427296195,12.790959
13.381647518543097,13.461823
12.296831574998258,12.325299
12.959846800844963,12.900575
13.296318365198623,13.146446
12.834683971615659,12.801264
13.208542908506082,13.084068
13.468787359304866,13.536914
13.023649611968253,12.95894
12.468440756144114,12.484496
13.098072734013513,13.188807
12.52815976788113,12.516171
13.266465452978318,13.17563
13.184400648021263,13.155349
12.779875885354993,12.784696
12.80216086806413,12.722279
12.793862088206213,13.117779
12.611541086966115,12.553338
12.861001210669146,13.05066
12.230770136157428,12.420099
13.35743708061023,13.415618
13.122365377402328,13.105811
13.592368256649284,13.61245
12.779875885354993,12.751976
13.635307954601986,13.707343
13.698977865303197,13.443668
13.07107218827772,13.096726
12.863595239117187,12.80138
13.07107218827772,12.9923
13.017005083966255,12.968184
12.660331092405906,12.529736
13.017005083966255,13.023442
13.07107218827772,13.078613
12.468440756144114,12.570304
12.483139828858848,12.629104
13.556741124342862,13.388668
12.730508232153463,12.733187
13.541075028051122,13.347589
13.426904041847699,13.554866
13.060490101343552,13.145961
12.356649805075568,12.308574
13.928840136128022,13.846412
13.591117476312084,13.631014
12.75130259456002,12.601888
13.143147875448797,12.963068
12.897971547314246,12.868597
13.02805489573287,13.075302
12.506180941677357,12.827731
12.985652077085325,13.041832
13.955273369904273,13.93248
11.798111925972618,12.539766
13.081543466215237,13.074545
13.010204247900228,12.974011
12.706850963741102,12.567622
12.706850963741102,12.690357
13.260386417460465,13.048844
12.48560031099168,12.371909
12.464587201678082,12.457698
12.628070334272698,12.567363
13.384652254414872,13.582344
13.766321364193118,13.740024
12.959846800844963,12.943444
12.301387370778713,12.371481
12.524530013005734,12.606395
12.345838935721968,12.641086
13.369225017834633,13.35766
12.899222326086994,12.896351
13.3374763699232,13.328327
12.943717457174193,12.6975565
13.684833373922649,13.723607
13.322772038538483,13.360734
13.215855541983634,13.105067
13.664688831019712,13.873729
13.122365377402328,13.042155
12.923914877701906,12.820709
13.785052381406869,13.926183
12.721888795877375,12.348054
13.161586013632684,13.343879
13.081543466215237,13.244107
12.345838935721968,12.450768
13.122265372602016,13.056725
12.691583538230217,12.781352
12.680755933074881,12.64151
12.899097318586382,13.075871
13.610944619216111,13.455448
12.765691290604371,12.728362
13.122365377402328,13.253758
13.199326270390594,13.040082
13.541075028051122,13.5411005
12.765691290604371,12.786609
13.07107218827772,13.046734
12.919024904363686,13.020529
12.792472237780538,12.772141
12.765405536311112,12.751544
12.985399815906522,13.024737
12.549665896013254,12.577512
13.122365377402328,13.065196
12.128116509451258,12.372757
13.630386277206295,13.529705
13.3374763699232,13.364811
11.918397239722838,12.380185
13.199326270390594,13.094837
12.834683971615659,13.027623
13.60479076121576,13.500109
12.660331092405906,12.598278
12.59473402514672,12.726194
12.367345048436391,12.320386
12.691583538230217,12.929727
13.883170141017091,13.816067
13.197472705176983,13.085866
12.509877789891931,12.479811
13.077368103521614,13.22017
13.019224835777257,13.051977
13.130730277073933,13.088726
13.42246945133505,13.405344
12.765691290604371,12.787962
12.59473402514672,12.845697
13.008076473152155,12.790085
12.141539457711714,12.226008
13.406038934481533,13.423024
13.547632419997361,13.579891
13.038983942375959,12.592381
13.132315688453556,13.039272
13.201176406255746,13.315781
12.468440756144114,12.475296
12.983103608918753,12.824838
12.660331092405906,12.764844
13.500801182986649,13.379793
12.75130259456002,12.689622
12.799402253235032,12.753196
12.706850963741102,12.701057
12.899097318586382,12.988547
13.670485941982712,13.637377
13.26212705890841,13.206939
13.3374763699232,13.532226
12.611541086966115,12.685404
12.54254845357358,12.464792
12.745488641595722,12.656981
13.415034483903348,13.331735
12.847929163278053,12.773572
13.418758877445873,13.416409
12.703816069256568,12.791996
13.091906231773164,13.336412
12.966974264368467,13.058554
13.671709469209208,13.619528
12.456835254920371,12.477638
13.244582780038517,13.219928
13.592368256649284,13.684553
13.592355756586782,13.546154
12.343662665771719,12.51207
13.081543466215237,13.027658
12.940843898859598,13.077758
13.429849547739444,13.312854
12.821260987319457,12.924238
12.921472880009725,12.905859
12.793862088206213,12.858895
12.721888795877375,12.757936
13.345508528717259,13.1908655
12.468440756144114,12.98348
13.102162710901053,13.146054
12.75130259456002,12.769333
12.95394709264047,12.895263
12.994532278619134,13.0310135
12.220966184120165,12.368772
12.791080452981857,12.913026
12.858934146060866,12.692578
12.206077645517674,12.648029
12.560247968016562,12.733201
13.060490101343552,13.035281
12.674515682685282,12.830338
12.91164481522143,12.926028
13.19375523568666,13.222499
12.25486757159303,12.651751
13.171155446333852,13.18006
13.454542124461861,13.462181
12.409017571151187,12.435667
12.964424531527646,12.914412
13.541075028051122,13.429332
13.382807337729,13.456972
13.012550743537489,12.95141
12.25486757159303,12.585184
13.241924387083285,13.116101
12.676079399771027,12.741291
12.481812442022767,12.417889
12.278397958261774,12.42675
13.04968730267293,12.8387165
13.635188201437066,13.415454
12.524530013005734,12.46566
13.507627138738266,13.467297
12.73670383776449,12.756158
13.815511557963774,13.556522
13.296318365198623,13.064714
12.618380952120333,12.731772
12.447060044238079,12.631912
13.017005083966255,13.01978
12.74192546005536,12.697146
12.611374406964662,12.570739
11.982935344196433,12.327355
12.60719835203924,12.592959
13.320969944017518,13.481698
13.017005083966255,12.9296665
12.611207699176356,12.468653
13.560619598657233,13.511395
12.586223364451623,12.502684
12.34126328584159,12.270096
12.388398368982115,12.733258
12.149507585033072,12.145527
12.54254845357358,12.446193
12.358798024384122,12.25524
12.468440756144114,12.646159
13.721200977393528,13.672804
13.619496890582589,13.344863
13.521140839642674,13.50398
12.632976296995821,12.521877
12.983046136134975,12.811266
12.647390622477982,12.67855
13.038983942375959,12.877023
12.206077645517674,12.850745
12.810391344620207,12.811247
12.560247968016562,12.618342
12.691583538230217,12.6783905
12.506180941677357,12.455818
13.088808662125674,12.925256
13.06319918863621,13.013515
13.437175577097312,13.524736
12.676079399771027,12.984235
12.837347081942964,12.850325
13.190023895035274,13.304109
12.25486757159303,12.446978
12.959846800844963,12.79385
13.382807337729,13.456972
13.395440819535605,13.420097
12.691583538230217,12.765515
12.976183182038383,13.068062
12.873904582205107,12.783552
13.457407451830088,13.439885
13.569611298299009,13.312768
12.765548423664681,12.6639595
12.487488878546145,12.4770775
12.429220196836383,12.688262
13.250670396725377,12.959378
13.049794835104816,12.941949
13.05942570755364,12.984467
12.959846800844963,12.889987
13.22672519452875,13.317651
12.553912171868914,12.5968
12.07254696717504,12.549245
12.886643575525625,12.6840315
12.899097318586382,12.900601
12.627906386945329,12.4592085
12.264346270624157,12.29926
12.826651821423713,12.790934
12.987690762404629,13.153101
13.193941437742497,13.241137
12.720395148082574,12.662295
13.005831808336863,13.2103815
13.845070331079134,13.5050535
12.449022745701502,12.276499
13.547632419997361,13.350122
12.779875885354993,12.785796
13.487009268766158,13.286376
12.367345048436391,12.2340975
12.959846800844963,13.094565
13.312985389904174,13.09099
12.899222326086994,13.03819
13.081543466215237,13.120353
12.66191713053049,12.573205
13.26212705890841,13.139728
12.928781055513184,12.967241
12.806284573911311,13.0196
13.195615697878253,13.176636
13.83531416565213,13.72733
12.591372460586882,12.505328
12.938442943086665,12.837992
12.100717685412471,12.324902
12.73670383776449,12.685544
12.128116509451258,12.500508
12.840003118946523,12.873226
12.596427499917318,12.411014
13.07107218827772,13.013017
12.73670383776449,12.722279
13.910821646859095,13.729435
13.140205260167273,13.328747
12.20357452783082,12.438958
13.017005083966255,13.064064
12.89897229545694,13.00483
12.75130259456002,12.728989
13.02805489573287,12.871193
13.151924121391561,13.054665
13.292107839753712,13.201254
13.521140839642674,13.2251835
13.772082044422815,13.705799
12.421188057397055,12.348567
12.899222326086994,13.065604
13.321215875492413,13.178538
12.88639037955819,12.8101
13.654168582642953,13.655783
13.173058392858724,13.153006
13.151924121391561,13.126398
12.310437165348775,12.485633
12.73670383776449,12.798275
12.971542813248437,12.920311
13.161576398220332,13.096896
12.976183182038383,12.87544
12.721888795877375,12.742693
12.608202196848836,12.559868
13.790193775620484,13.752965
13.361381852676738,13.348887
12.429220196836383,12.2197075
12.468056068255885,12.427322
13.023649611968253,12.910906
12.464201028227341,12.53248
14.077875591662238,13.945212
13.171155446333852,13.145753
12.278397958261774,12.417465
12.715900771961074,12.669575
13.171155446333852,13.037343
12.873904582205107,13.174147
12.959846800844963,12.892234
12.230770136157428,12.602414
12.850557278777309,12.832593
12.319405795112926,12.284409
13.217493541006709,13.15218
12.676079399771027,12.92556
12.537176929007302,12.399675
13.541075028051122,13.359378
12.682309930111785,12.608618
12.59473402514672,12.339469
12.644330802262578,12.492181
13.214032390746006,13.201029
12.849244084401318,12.850076
12.095146671399466,12.245557
13.208542908506082,13.21426
13.279368835614243,13.193499
13.076321533141567,13.162383
13.549591281924597,13.552526
13.081543466215237,13.143185
12.65778818748478,12.770318
13.300219981114124,13.685564
13.901689171636098,13.949701
12.560247968016562,12.642028
13.12237937727633,13.107894
13.493928313146206,13.466956
12.887402779005837,12.940988
13.136761229100609,13.135493
12.235636302128867,12.455774
13.180634172318978,13.201858
12.793862088206213,12.793902
12.25486757159303,12.288197
12.577467222169135,12.724588
13.108266481420335,13.109021
13.235693848424024,13.218419
12.269052139516223,12.144482
13.493928313146206,13.412038
12.872665356318858,12.895226
13.234800594042618,13.133556
12.211065162153215,12.003991
12.785493861878301,12.559406
12.77422616877261,12.800666
13.22672519452875,13.256023
12.611541086966115,12.774655
12.736556768559339,12.617358
13.560619598657233,13.512534
12.513561021741964,12.372115
12.323860125621126,12.31946
12.429220196836383,12.463266
13.652992804936396,13.731412
13.424099231216681,13.392447
13.122365377402328,13.043416
13.670485941982712,13.651149
12.953355202932489,13.018037
13.312985389904174,13.399699
13.493928313146206,13.023521
13.199326270390594,13.360642
12.345838935721968,12.534361
13.910821646859095,13.625596
12.535379989788607,12.422089
12.742568940017076,12.713544
13.457407451830088,13.786851
11.813037464800539,12.190981
12.933623668263472,12.073196
14.297937324492327,14.057776
12.992256969959042,12.88362
12.04355959836804,11.978944
12.429220196836383,12.376227
12.896593881313057,12.924154
13.51440681653079,13.391026
13.753636218075409,13.871897
12.230770136157428,12.2444935
13.02805489573287,13.01894
12.923914877701906,12.984762
12.685410698175232,12.975682
12.793862088206213,12.576278
13.157732451741687,13.126422
13.0709669198009,13.136635
12.012542506616832,12.334705
13.910821646859095,13.811338
12.765691290604371,13.049849
12.506180941677357,12.693856
12.388398368982115,12.422167
13.883170141017091,13.8625965
12.80078251189375,12.935892
13.399996629152975,13.333932
13.248116346376765,13.546517
12.91164481522143,12.840192
12.28765724080691,12.245675
13.66119436444038,13.688681
12.672949516558306,12.728866
12.832013750189885,12.975034
13.038983942375959,13.002201
12.206077645517674,12.295273
12.53897064502647,12.6429
13.060490101343552,12.941541
13.531821834802397,13.503464
12.07824495582233,11.766994
13.134293924552235,13.053542
13.361381852676738,13.266633
12.871337193291367,12.997509
13.195615697878253,13.204109
13.079457964073546,13.051813
12.889172015485954,12.873553
12.854486546624395,12.947991
12.923670946108873,13.100548
13.369225017834633,13.279405
12.301387370778713,12.51939
12.847929163278053,13.147918
13.02761523962479,13.356254
13.115944822481827,12.965997
13.241480633703478,13.235453
12.577639650232573,12.534491
13.762110836088922,13.603892
12.899222326086994,12.895437
12.668236246916223,12.700124
13.015288058978953,13.476908
13.228525371792253,13.242225
13.28787951079572,13.268544
12.785493861878301,12.805633
13.39239204133378,13.270263
13.744110147823376,13.727517
12.429220196836383,12.412932
12.847929163278053,12.675106
13.388721195472392,13.436312
13.147057941212308,13.090489
12.76125289671475,12.769698
12.91657092142417,12.802465
13.541075028051122,13.389167
12.644330802262578,12.389604
13.452387728159122,13.461347
12.987690762404629,13.015195
13.217675375388819,13.164063
12.611541086966115,12.769467
13.384729180332174,13.406464
12.591338447675579,12.320789
12.899222326086994,12.990871
12.721888795877375,12.640561
12.10043987059093,12.179163
12.779875885354993,12.734403
12.468440756144114,12.614403
13.87378040948403,13.619192
13.955273369904273,13.764568
13.825461878915961,13.782964
12.873904582205107,13.089741
13.390864159490155,13.458182
12.611541086966115,12.555535
12.180759965737863,12.187568
13.304603264196713,13.274219
13.217675375388819,13.134449
13.710151153416941,13.582403
12.611537753638338,12.638937
12.75130259456002,12.654725
12.807655372286902,12.7473955
13.017005083966255,12.997074
13.30967413408274,13.26765
13.586098651497313,13.622848
12.245298166364206,12.191338
13.084559739725158,13.191463
12.577467222169135,12.55622
12.891694078557842,12.949484
12.847929163278053,13.016547
13.038983942375959,13.176968
12.154784614286667,12.685404
12.479913113434042,12.438649
12.396697137361691,12.320426
13.11029282045951,13.096994
13.586098651497313,13.599352
12.75130259456002,13.095677
12.54254845357358,12.788444
13.279368835614243,13.340868
12.319405795112926,12.459758
12.985399815906522,13.004358
12.013706813470414,12.226932
13.997832948091215,14.152641
13.005831808336863,12.980635
12.676079399771027,12.604835
13.171155446333852,13.133673
13.296318365198623,13.316181
12.691429680714283,12.708176
12.345838935721968,12.214364
13.1421679654829,13.028663
12.524530013005734,12.413297
13.030250281476574,13.016937
12.396697137361691,12.421554
13.017005083966255,13.154115
13.527829818844937,13.442928
14.070153551531353,13.778569
13.815511557963774,12.906704
13.426166307749664,13.458741
13.444448325847754,13.828909
13.800397935382136,13.722552
12.925133643925246,12.887833
13.415034483903348,13.357533
13.275086181158716,13.095581
13.02805489573287,13.153806
12.715900771961074,12.766109
13.457407451830088,13.439885
12.736556768559339,12.866475
13.180634172318978,13.115043
13.42246945133505,13.308861
13.384729180332174,13.418755
12.388398368982115,12.229445
12.894184670945569,12.874768
12.628070334272698,12.634322
12.278397958261774,12.559252
13.732130035981154,13.603632
12.736556768559339,12.671134
12.993395271417636,13.073915
12.567240979056246,12.779268
12.765691290604371,12.573525
13.541075028051122,13.340492
12.979649382005148,13.146466
12.70533466782146,12.700592
12.611541086966115,12.5097065
13.787082276443297,13.633724
12.983103608918753,12.887184
12.843973993864076,12.80722
12.94323910384853,12.919468
13.104201443434462,12.989487
12.577639650232573,12.483914
13.721200977393528,13.6145115
12.388398368982115,12.517125
13.25339339419516,13.185843
13.203255570316935,13.198638
13.507627138738266,13.472029
13.39239204133378,13.339267
12.779875885354993,13.055407
13.050869523924664,12.89223
12.777055016970678,12.967078
12.487488878546145,12.527626
12.807655372286902,12.7914715
12.765691290604371,12.935138
13.06896471037963,12.96336
13.384729180332174,13.487692
11.849404844423074,12.201007
13.321215875492413,13.16746
13.321051927896255,13.152299
12.913125196739307,12.907121
12.983103608918753,13.127516
12.871337193291367,12.750197
13.389333939650964,13.383847
12.94323910384853,13.036181
13.304686600863562,13.707865
13.407543823396258,13.341737
13.1421679654829,13.229392
13.500802552846848,13.342848
12.95749109270188,13.124819
12.367345048436391,12.391905
12.556733038263905,12.455339
12.621491384816093,12.622692
12.933623668263472,12.073196
12.409017571151187,12.3803425
12.611541086966115,12.424629
13.097047620699986,13.034076
12.928781055513184,12.996298
12.994532278619134,13.006209
12.791080452981857,12.735335
12.611541086966115,12.609298
12.468440756144114,12.467143
13.357832258809124,13.4391365
13.091906231773164,13.1280985
12.819908725726677,12.704447
12.853178505386333,12.942277
12.250094315624496,12.224355
12.618185607609803,12.915568
12.873135057399978,13.017901
13.049794835104816,13.126402
12.54254845357358,12.535518
13.399996629152975,13.217026
13.304686600863562,13.203807
12.312237337751334,12.246356
14.220976332738882,13.929864
12.354496960983985,12.310393
12.948012371209098,12.88737
13.592368256649284,13.633342
13.217584462330732,13.04282
13.060490101343552,13.1189995
12.206077645517674,12.364393
12.388398368982115,12.630435
12.886643575525625,12.775882
12.524530013005734,12.260273
12.506180941677357,12.966835
12.765548423664681,12.948062
12.75130259456002,12.823399
13.527823152164938,13.585867
12.419169901386761,12.375119
13.345508528717259,13.527412
13.793777087790152,13.715482
13.342784827159525,13.546575
13.321215875492413,13.259858
12.611541086966115,12.478531
12.971542813248437,12.994048
13.24360885632423,13.132972
12.611207699176356,12.682859
12.762830066509972,12.640547
12.721888795877375,12.573793
12.476103599529843,12.544903
13.208542908506082,13.242348
13.45883704259595,13.792682
12.691583538230217,12.87164
12.660331092405906,12.769952
13.142148357485974,12.539517
12.570719231334277,12.459017
13.76421831620775,13.697988
12.556733038263905,12.753908
12.560247968016562,12.585784
13.3374763699232,13.290202
12.211065162153215,12.452891
13.799382192294036,13.963492
13.122265372602016,13.180193
12.793862088206213,12.691693
12.971542813248437,13.216312
12.644330802262578,12.782337
13.265599278590988,13.153964
13.698977865303197,13.688669
12.834683971615659,12.926785
12.821260987319457,12.868265
13.67940557077012,13.565339
13.384729180332174,13.400652
13.928840136128022,13.842381
13.560619598657233,13.545157
12.779875885354993,12.6836815
13.151924121391561,13.1781645
12.765548423664681,12.674132
12.683861515988351,12.651586
12.611541086966115,12.827165
12.959846800844963,13.023122
13.001327306361068,12.7741375
13.68767832281738,13.690916
13.112304960710096,13.082945
11.901590234400047,12.328128
12.429220196836383,12.3597
12.923914877701906,13.101366
13.180634172318978,13.201098
13.132315688453556,13.116862
12.983103608918753,13.068886
12.624786269856633,12.764536
13.237477967034438,13.074182
13.547632419997361,13.236981
13.560619598657233,13.384151
13.610944619216111,13.646893
13.049794835104816,13.150777
14.272936037914342,13.95885
12.647551406590285,12.6942835
12.672949516558306,12.631721
12.873904582205107,12.937063
13.180634172318978,13.10228
13.019448756993398,12.948688
13.235693848424024,13.167953
11.992266613576142,12.212447
12.597104087640735,12.510508
12.73670383776449,12.741876
12.873904582205107,12.656159
12.899222326086994,12.736099
13.448786721172443,13.462952
12.493095750910838,12.528921
13.22672519452875,13.095356
12.235636302128867,12.153669
12.959846800844963,12.806498
13.445896549926763,13.325875
12.987690762404629,13.068096
12.220966184120165,12.228628
12.254629449139815,12.049957
12.706850963741102,12.76957
12.936036208848487,13.151974
13.3374763699232,13.324166
13.060490101343552,13.076961
14.054528245836039,13.883852
13.292951364319082,13.382556
13.28448392755959,13.343297
12.319405795112926,12.721664
12.706820660343483,12.720837
13.081543466215237,13.14288
13.244582780038517,13.269977
13.614007404994387,13.619118
12.791080452981857,12.823338
13.361381852676738,13.276289
12.245298166364206,12.303032
12.666660207428574,12.87615
13.399996629152975,13.61636
12.439170488085749,12.417674
13.444448325847754,13.465103
13.017005083966255,13.05631
13.303018546545275,13.390744
13.573440270649085,13.30052
12.894209796826232,12.872753
13.312985389904174,13.314809
12.813119851828635,12.780595
12.940843898859598,12.829042
13.151924121391561,13.243493
13.955273369904273,13.910547
12.864889734328388,12.943518
12.259618151783465,12.355837
12.706699437569211,12.680603
13.02805489573287,13.031976
12.969214528909768,12.851013
12.969214528909768,12.915375
13.081543466215237,13.149709
12.948012371209098,12.813886
12.367345048436391,12.499921
13.1421679654829,13.1128
13.864301674514206,13.776094
12.683861515988351,12.751305
12.220966184120165,12.255364
12.487488878546145,12.5292225
12.323860125621126,12.343554
13.101958608857487,13.047608
13.073385295579481,12.920629
12.468440756144114,12.503999
12.691583538230217,12.47811
13.527828485512494,13.646889
12.601490784782536,12.70268
13.001327306361068,12.934239
12.80216086806413,12.600428
13.560619598657233,13.510509
13.321215875492413,13.386703
12.90669432231532,12.8984785
13.038983942375959,12.991943
12.611541086966115,12.782973
13.171155446333852,13.087842
13.064736383209516,13.224742
13.021439671201302,12.792759
12.91164481522143,13.336617
12.345838935721968,12.79571
12.945628585536271,12.816939
12.95749109270188,12.933559
13.185340054498226,13.288536
11.918397239722838,12.195725
12.487488878546145,12.4547825
13.681980308196241,13.631528
12.964541634128395,12.958372
13.219491903015438,12.915733
13.681980308196241,13.858371
13.092380345189973,13.014881
12.59473402514672,12.828858
13.132315688453556,12.898638
12.987690762404629,13.153101
13.077368103521614,13.145735
13.387801374649944,13.249696
13.567050480716235,13.510583
12.577467222169135,12.605413
12.881567435377423,12.880043
12.75130259456002,12.785503
12.665002688307288,12.555547
12.676079399771027,12.7189045
12.736689131817258,12.706559
12.367345048436391,12.413737
13.790193775620484,13.747685
12.61328289665673,13.65857
12.660331092405906,12.65853
12.6237989437515,12.669163
13.407543823396258,13.31775
13.25339339419516,13.0501375
13.377007146164305,13.387127
13.25339339419516,13.081222
13.081543466215237,12.802747
13.122365377402328,13.2614765
12.945628585536271,12.639126
12.513561021741964,12.673061
12.674515682685282,12.72234
13.524490922038726,13.409787
13.161586013632684,13.202702
13.664688831019712,13.6772375
13.00301887329035,13.023257
12.669809806411457,12.845007
12.495007682693725,12.435778
13.44081856306726,13.377203
13.19189130572284,13.168162
12.524530013005734,12.806521
14.0225255403564,13.932481
12.100717685412471,12.432848
13.552847548877052,13.434965
13.407543823396258,13.346851
13.708914835307842,13.5973
13.444448325847754,13.380479
12.779875885354993,12.622935
13.122365377402328,13.114213
13.180634172318978,13.289774
12.959846800844963,12.86396
13.997832948091215,13.973701
13.269059483669357,13.154996
12.3879816172226,12.191552
12.948012371209098,12.760038
13.351888125506433,13.3465395
12.962196972666593,12.568602
12.886643575525625,12.979945
12.782688818818986,13.006032
12.206077645517674,12.354958
13.815511557963774,13.575012
13.270785106659046,13.34724
12.636396206135048,12.678166
13.670485941982712,13.636663
12.584512505902088,12.681695
13.244228735697845,13.218646
12.765691290604371,12.607202
12.90669432231532,12.73285
13.721200977393528,13.512744
13.08673827229789,13.093738
13.010316110729669,12.60885
12.398761113062513,12.341891
12.718899265966332,12.744325
12.98883427049148,13.183147
12.170450649220749,12.099855
12.779875885354993,12.842566
13.122365377402328,12.987326
11.918397239722838,12.235007
12.764261701882237,12.762713
12.301387370778713,12.320742
12.812438422654544,12.895755
12.409017571151187,12.360624
13.079457964073546,13.04166
12.894209796826232,12.909605
12.994532278619134,13.003269
12.742568940017076,12.865349
13.042347836028451,12.959755
13.05183575736452,12.861714
13.038983942375959,12.942085
13.091906231773164,13.213374
13.623139877437296,13.572939
12.91164481522143,12.8806095
12.718180446954966,12.887219
13.681980308196241,13.539167
12.971775343809814,12.805386
13.302183474822545,13.316495
12.54254845357358,12.684585
12.926350926565435,13.03392
13.102162710901053,12.8836155
13.260386417460465,13.389766
13.345508528717259,13.281624
14.151983508870947,13.739401
14.137594781770806,13.933799
13.222210522327158,13.194233
12.691583538230217,12.769101
13.122265372602016,13.168546
12.755640983610817,12.841179
12.971542813248437,12.89795
12.25486757159303,12.167797
13.049794835104816,13.060653
12.425212191503038,12.287024
12.84265212010087,12.792602
12.345838935721968,12.408811
12.947774248188859,12.94721
12.994532278619134,12.86276
12.40287632827253,12.513182
13.217675375388819,13.1444025
12.577639650232573,12.620225
13.681980308196241,13.715103
13.157732451741687,13.083099
13.191518102458952,13.173216
13.04115549117383,12.816994
12.721888795877375,12.710786
12.128116509451258,12.21325
13.185340054498226,13.232797
13.208542908506082,13.226502
13.003582093664077,12.918289
13.112315061750808,13.053373
12.73670383776449,12.606161
13.017005083966255,12.969311
13.493928313146206,13.482833
13.017005083966255,13.058664
12.502470376049185,12.337022
12.487488878546145,12.302911
13.171155446333852,13.136358
12.531415320564594,12.551518
13.112315061750808,13.255131
13.854732232655556,13.7736435
12.292254928916668,12.3408575
12.978495316450783,12.874326
13.180634172318978,13.335272
13.122365377402328,13.159093
13.179690332595941,13.221409
12.733758336210744,12.654796
12.533579815765737,12.496451
12.560247968016562,12.628211
13.304686600863562,13.446654
12.611541086966115,12.848699
13.07107218827772,13.085928
13.270785106659046,13.387216
12.334909912967877,12.34545
13.171155446333852,13.160715
12.77959697400896,12.8276615
13.45869417545215,13.367079
13.239258908233676,13.123577
14.093143052138025,14.032057
12.955129822091815,12.78172
12.25486757159303,12.263714
11.982904093903459,12.017149
12.765691290604371,12.849665
13.321215875492413,13.360561
12.73080413304066,12.776221
14.014362236381235,14.081293
12.886643575525625,12.775882
12.793862088206213,12.845483
12.657151449598695,12.691278
12.206077645517674,12.316232
12.660331092405906,12.626255
12.649960071235615,12.610564
12.727841176689147,12.623979
13.33602370475396,13.087815
12.278397958261774,12.333945
13.049794835104816,12.679716
13.275944180597024,13.125726
12.866182555987908,12.930721
12.301387370778713,12.251207
13.510344528022657,13.299248
13.060490101343552,12.991056
12.07254696717504,11.974273
12.439170488085749,12.477836
13.203991289515606,13.110172
13.299674067415213,13.314596
13.073173133213556,13.275685
12.447060044238079,12.631912
12.500609917318906,12.467768
12.873904582205107,13.205456
13.384729180332174,13.359907
12.487300182210822,12.503691
13.444448325847754,13.475779
12.899222326086994,13.054182
13.312985389904174,13.290241
13.28787951079572,13.259288
12.734053277091983,12.678699
12.54254845357358,12.538303
12.779875885354993,12.605175
13.232116033476537,13.156293
13.429849547739444,13.297285
12.54254845357358,12.610783
13.210376086227196,13.081777
12.388398368982115,12.632006
13.384729180332174,13.372356
13.271017837794437,13.222421
13.42246945133505,13.535311
12.983103608918753,12.779639
12.923914877701906,12.970215
12.765691290604371,12.729941
13.235604558882983,13.14755
12.676079399771027,12.650194
13.38318953651709,13.28985
12.676079399771027,12.635655
12.647551406590285,12.81316
11.915058360753719,12.195668
12.983103608918753,12.917223
12.899222326086994,12.843597
12.908925077408801,12.9168825
13.3374763699232,13.369824
12.337105293891872,12.584358
12.345621521730086,12.320887
12.880166967647012,13.089083
13.910821646859095,13.944644
12.983103608918753,12.915605
12.779875885354993,12.601584
12.945628585536271,12.862668
11.983772488459032,12.263724
13.102162710901053,12.97839
12.892826935037847,12.804469
12.961022577169068,12.862882
13.199326270390594,13.28168
13.384729180332174,13.296587
12.807655372286902,12.77409
13.132315688453556,13.142558
13.26212705890841,13.300566
12.899222326086994,12.788224
13.4856180275228,13.41021
12.788291058675025,12.603349
12.611541086966115,12.736578
13.18053982842409,13.231061
12.560247968016562,12.45432
13.413540833877558,13.442163
12.77422616877261,12.800801
12.464587201678082,12.441181
12.201065128819632,12.56005
13.377782038454312,13.394831
13.621927022483105,13.124187
13.223115088821102,13.073705
13.377007146164305,13.33422
12.577639650232573,12.471351
12.429220196836383,12.477616
12.790523196230899,12.773172
12.631180237393272,12.746145
13.021439671201302,12.940784
12.804911893867851,12.915705
13.329379172803593,12.937294
13.361381852676738,13.3338995
13.184400648021263,13.096674
13.500801182986649,13.504877
13.241036683319184,13.126414
12.513561021741964,12.485825
12.91164481522143,12.80711
13.005831808336863,13.063326
13.499430382731967,13.456565
13.275944180597024,13.23996
12.345834587905333,12.279408
13.720090472120502,13.704475
14.144815024531075,13.71283
13.369146889904798,13.231717
13.151924121391561,13.222267
12.994532278619134,13.212793
14.054528245836039,13.843491
12.782688818818986,12.597844
12.04355959836804,12.284458
12.861001210669146,12.955738
12.283038316285214,12.340416
13.204866440535003,13.162581
12.524530013005734,12.5085535
12.301387370778713,12.5259075
12.567240979056246,12.2623
12.69771850797869,12.695648
12.938442943086665,13.16698
13.244582780038517,13.217869
13.597355791941425,13.540729
13.021439671201302,12.948056
13.410546824147012,13.317888
13.26212705890841,13.221252
12.992256969959042,12.96959
13.074225100710079,13.038572
13.617060838751888,13.507336
13.120363378739663,13.142418
13.051943059028227,12.914073
13.349500543612304,13.344859
11.571203807011969,11.889718
12.128116509451258,11.650639
13.26212705890841,13.236283
12.640937967253592,12.530823
13.191704721500981,13.1870985
12.834683971615659,12.825162
13.091906231773164,13.0569725
13.017005083966255,13.007247
13.313191979791755,13.207631
12.504327379899443,12.450771
12.618185607609803,12.645685
12.575914030220655,12.627534
12.345404060459082,12.221808
12.54254845357358,12.520349
13.275086181158716,12.9276085
12.211065162153215,12.205568
13.312985389904174,13.303548
13.579789490265188,13.40318
12.715900771961074,12.719384
13.140205260167273,13.284278
12.472279517715116,12.2231455
12.505995740029274,12.469522
13.366878520624217,13.076818
12.679199517372098,12.663308
12.300932724054114,11.960361
12.591338447675579,12.577243
12.506180941677357,12.606079
12.95749109270188,12.935911
12.891694078557842,12.990161
13.71844994704891,13.485315
12.61087420020211,12.662753
12.429220196836383,12.263064
13.60479076121576,13.564398
12.491255347155265,12.535502
12.9478933167868,12.957036
12.706850963741102,12.751159
14.04662307257814,14.075488
13.586098651497313,13.551419
13.493928313146206,13.302919
13.560619598657233,13.157234
12.278397958261774,12.583046
12.254391269970792,12.436948
12.71439814659232,13.000116
13.681980308196241,13.660007
12.578522016409721,12.490027
13.212205909556012,13.007058
13.437175577097312,13.260465
13.093965960493684,12.900169
12.206077645517674,12.247106
12.75130259456002,12.9930315
13.214032390746006,12.899999
12.7022951610422,12.756613
12.923914877701906,13.01117
12.367345048436391,12.44366
13.641158361294979,13.866597
13.586098651497313,13.582836
12.249136924251182,12.53819
